1011605870001;ALAMBRE ACERO ROLLO KG;AARKG;UND;;15.00;1
1011604190002;ALAMBRE AUMINIO KG.;AAKILO;UND;;15.00;1
1016500180002;AGUJA DE ARETE BRONCE FDA/GDE;AABFG;UND;5.50;6.60;3
1016501100002;AGUJA DE ARETE PLANA GRANDE FDA/GDE;AAPGFG;UND;9.50;11.40;3
1016501110002;AGUJA DE ARETE PLANA PEQUEÑA FDA/GDE;AAPPFG;UND;9.50;11.40;3
1016501120002;AGUJA DE ARETE REDONDA GRANDE FDA/GDE;AARGFG;UND;5.50;6.60;3
1016501140002;AGUJA DE ARETE REDONDA PEQUEÑA F/G;AARPFG;UND;4.50;5.40;3
1011600650002;ALAMBRE ALPACA /KG;AAKG;UND;13.20;15.84;3
1017580020002;ALAMBRE MEMORIA ANILLO / KG;ALMAKG;UND;6.90;8.28;3
1017580030002;ALAMBRE MEMORIA ARETE / KG;AMAAKG;UND;6.90;8.28;3
1017580040002;ALAMBRE MEMORIA COLLAR / KG;ALMCKG;UND;6.90;8.28;3
1017580010002;ALAMBRE MEMORIA PULSERA / KG;ALMLPKG;UND;12.00;14.40;3
1016501030002;ALFILER 1 HUECO ENTORCHADO 3 - 4 FDA/GD;A1HE3-4F;UND;6.00;7.20;3
1016500990002;ALFILER 2 HUECOS 1 - 2 FDA/GDE;A2H1-2FG;UND;3.50;4.20;3
1016501000002;ALFILER 2 HUECOS 3 - 4 FDA/GDE;A2H3-4FG;UND;4.00;4.80;3
1016501010002;ALFILER 2 HUECOS 5 - 6 FDA/GDE;ALF6FG;UND;5.00;6.00;3
1016600260002;ARG. LLAVERO 0.30 PLANA x 1000 FG;ALLPLF;UND;19.00;22.80;3
1016500240002;ARGOLLA 0.5 COBRE / BRONCE FDA/GDE;ARGCBF;UND;3.70;4.44;3
1016500310002;ARGOLLA 0.5 FDA/ GDE.;ARG05F;UND;4.60;5.52;3
1016500270002;ARGOLLA 0.5 NEGRA FDA/GDE;ARGNF;UND;3.70;4.44;3
1016500640002;ARGOLLA 3.5 mm FDA/ GDE;ARG3F;UND;5.20;6.24;3
1011604710002;ARGOLLA ALUM. ENT. 1.8 X 15 FDA/ GDE;AAE1F;UND;12.50;15.00;3
1011604700002;ARGOLLA ALUM. ENTOR. 1.8 X 20 FDA/ GDE;AAE1F;UND;15.00;18.00;3
1011604720002;ARGOLLA ALUM. ENTOR. 3.0 X 31FD/GDE;AAE3F;UND;7.00;8.40;3
1011604730002;ARGOLLA ALUM. ENTOR. 3.2 X 27 FDA/GDE;AAE32F;UND;6.50;7.80;3
1011618720002;ARGOLLA ALUMINIO 2.0 x 1.2 FDA/GDE;ARAL2.0F;UND;13.75;16.50;3
1010530090002;ARGOLLA ALUMINO QK120 FDA/GDE;ARQK120F;UND;13.75;16.50;3.00
1016500570002;ARGOLLA ARETE x 1000 FDA/GDE;ARX1000F;UND;22.50;27.00;3
1011600970001;ARGOLLA DE ACERO F/GR;AAFG;UND;14.50;17.40;3
1011604020002;ARGOLLA DE ALUMINIO 3.0 x 2.6 FDA/GD;ARA30F;UND;4.50;5.40;3
1011604030002;ARGOLLA DE ALUMINIO 3.0 x 3.1 FDA/GD;ARAL3F;UND;5.50;6.60;3
1011604010002;ARGOLLA DE ALUMINIO K102 FDA/GD;AK102F;UND;11.50;13.80;3
1011604040002;ARGOLLA DE ALUMINIO K104 FDA/GD;AK104F;UND;9.50;11.40;3
1011604000002;ARGOLLA DE ALUMINIO K105 FDA/GD;AK105F;UND;5.90;7.08;3
1011603990002;ARGOLLA DE ALUMINIO K106-K107 FDA/GD;AK106-7F;UND;4.50;5.40;3
1016500700002;ARGOLLA DE PRESION FDA/GDE;ARPREF;UND;16.00;19.20;3
1011600250002;ARGOLLA LLAVERO 0.25 x 1000 FDA/GDE;ALL0.25F;UND;7.50;9.00;3
1011600890002;ARGOLLA LLAVERO 0.28 x 1000 PLANA FDA/GDE;ALL0.28F;UND;16.50;19.80;3
1011600260002;ARGOLLA LLAVERO 0.30 x 1000 FDA/GDE;ALL0.30F;UND;17.00;20.40;3
1016500840002;ARGOLLA LLAVERO 0.32 x 500 PLANA FDA/GDE;ALL.32PF;UND;17.50;21.00;3
1012536140001;ASA CERRADAS;ACEX100;UND;15.00;18.00;3
1011605570001;ASAS CERRADA X DOCENA;ACXDOC;UND;8.00;9.60;3
1010524900001;ASAS CERRADAS FINA;ACFX100;UND;15.00;18.00;3
1016500250002;ASAS DE ARETE COBRE FDA/GDE;AACBF;UND;5.25;6.30;3
1016500200002;ASAS DE ARETE FDA/GDE;AARTF;UND;7.00;8.40;3
1010531010002;ATACHES FDA/GDE;ATCHF;UND;3.50;4.38;3
2011200250001;ATACHES PEGABLES FDA/GDE;ATCHPF;UND;10.00;12.00;3
1016530050001;BALANZA DIGITAL 0.1- 600g.;BDI1-600;UND;40.00;50.00;3
1010530520002;BOLA METALICA # 2 FDA GRD.;BOLM2F;UND;6.00;7.20;3
1016500800002;BOLA METALICA # 4 FDA/GDE;BOLM4F;UND;8.50;10.20;3
1016500810002;BOLA METALICA # 6 FDA/GDE;BOLM6F;UND;4.50;5.40;3
1016500820002;BOLA METALICA # 7-8 FDA/GDE;BOLM8F;UND;8.50;10.20;3
1011530550001;BOLA METALICA FINA # 10;BMF10X100;UND;14.00;16.80;3.00
1090610100001;BOLA METALICA FINA # 12;BMF12X100;UND;18.00;21.60;3.00
1011600320001;BOLA METALICA FINA # 4;BMF04;UND;5;6.25;3.00
1011600320002;BOLA METALICA FINA # 8;BMF8X100;UND;9.00;10.80;3
1011607730001;BOLA METALICA FINA #6;BMF6X100;UND;7.50;9.00;3
1016500190001;BOTONES X 100 PARA COSER;BX100CO;UND;4.25;5.10;3
;"BROCHE "" R """;BROR;UND;0.60;0.76;3
1016500080002;BROCHE 3 VUELTAS FDA/GDE;BRO3VF;UND;6.00;7.20;3
1016500120002;BROCHE BARRIL GRANDE FDA/GDE;BRBAGF;UND;23.00;27.60;3
1016500130002;BROCHE BARRIL PEQUEÑO FDA/GDE;BRBPF;UND;18.50;22.20;3
1016500160002;BROCHE GANCHO BRONCE GRANDE FDA/GDE;BRGBGF;UND;16.00;19.20;3
1016500150002;BROCHE GANCHO BRONCE MEDIANO FDA/GDE;BRGMF;UND;12.00;14.40;3
1016500140002;BROCHE GANCHO BRONCE PEQUEÑO FDA/GDE;BRGPF;UND;11.50;13.80;3
1016500320002;BROCHE GANCHO EXT/GRANDE;BRGEX;UND;4.00;4.80;3
1011601740001;BROCHE GANCHO FINO X100;BGFX100;UND;18.00;21.60;3
1016500040002;BROCHE GANCHO GRANDE FDA/GDE;BGGRF;UND;14.00;16.80;3
1016500030002;BROCHE GANCHO MEDIANO FDA/GDE;BGMEF;UND;10.00;12.00;3
1016500280002;BROCHE GANCHO PEQUEÑO FDA/GDE;BGPEF;UND;8.00;9.60;3
1011608920002;BROCHE GANCHO PLANO FDA/GDE;BGPL;UND;17.00;20.40;3.00
1016500010002;BROCHE GRANDE FDA/GDE;BRGRAF;UND;19.00;22.80;3
1016500050002;BROCHE MAZI 0.6 FDA/GDE;BMAZIF;UND;4.00;4.80;3
1011601590002;BROCHE MAZI 1.0 FDA/GDE;BNAZ1.0F;UND;6.00;7.20;3
1011601610002;BROCHE MAZI 1.4 FDA/GDE;BMAZ1.4F;UND;7.50;9.00;3
1016500020002;BROCHE PEQUEÑO FDA/GDE;BROPEF;UND;15.00;18.00;3
1016500060002;BROCHE PLASTICO FDA/GDE;BROPLAS;UND;3.57;4.29;3
1010524890002;CAUTIN PARA ATACHES;CAUTI;UND;85.00;102.00;3
1016500230002;CLAVO COBRE / BRONCE FDA/GDE;CLCBF;UND;4.50;5.40;3
1016500260002;CLAVO NEGRO FDA/GDE;CLANF;UND;5.00;6.00;3
1011605920001;CLAVO NIQ. FINO CABEZA RED.FUN;CNFCRF;UND;15;18.00;3
1010511030001;CLAVO NIQ.FINO FUNDA;CNFFU;UND;7.50;9.00;3
1011606020001;CLAVO NIQ.FINO/CABEZA FUNDA;CNFCF;UND;9.80;11.76;3
1016500220002;CLAVO NIQUEL FDA/GDE;CLAVNF;UND;6.00;7.20;3
1011601250002;CORDON COLA DE RATA KG;CCOLKG;UND;8.50;8.93;3
1011605590002;CORDON ELASTICO  MED. x ROLLO;CEMXR;UND;4.50;5.63;3
1011608750002;CRUZES PLASTICAS FDA/GDE;CRUZPF;UND;25.00;30.00;3
1016500110001;DIJE ACERO MEDIANO X 100;DAMX100;UND;10.50;12.60;3
1016522110001;DIJE DIAMANTE DE BRASIL x 100;DDBX100;UND;0.03;0.03;3
1016500910002;DIJE METALICO MEDIANO FDA/GDE;DMETMF;UND;6.00;7.20;3
1016500900002;DIJE METALICO PEQUEÑO FDA/GDE;DIJMETPF;UND;5.50;6.60;3
1011604350001;ENCAJE ELASTICO ROLLO;EEROLLO;UND;9.50;11.40;3
1012536310001;ENCAJE FINO ROLLO;EFROLLO;UND;7.50;9.00;3
1011600390001;GANCHO ARETE NUE. PEQ. X500;GAPX500;UND;15.00;18.00;3
1011603060001;GANCHO DE ARETE NUEVO X500;GANX500;UND;20.00;24.00;3
1011600400001;GANCHO DE ARETE X500;GAX500;;10.00;12.00;3
1012501180001;GANCHO LLAVERO GRANDE F/GDE.;GANLLGF;UND;7.00;8.40;3
1012501160001;GANCHO LLAVERO MEDIANO F/GDE.;GLLAVMF;UND;6.50;7.80;3
1011606150002;GANCHO LLAVERO PEQUEÑO FDA/GDE;GALLAVPF;UND;4.30;5.16;3
1011607760001;GANCHOS DE ARETES;GAX500;UND;10;12.50;3
1017510210001;HILO CAUCHO / KG;HCAUCHK;UND;5.00;6.25;3
1017510280001;HILO NYLON / KG;HILNKG;UND;10.00;10.50;3
1011606340001;HILO PARA TEJER x KG;HILTJXK;UND;7.50;9.38;3.00
1011607230001;HOJALILLOS # 16-18 XF;HO16FUN;UND;15.00;18.00;3
;HOJALILLOS # 8-10 XF;HO8X100;UND;5.00;6.00;3
1011600840001;HOJALILLOS #12-14 XF;HO12FUN;UND;10.00;12.00;3
1012525290001;HOJALILLOS PARA BOTON;HOJPB;UND;18.00;22.50;3
1010531030002;LENTEJUELA FDA/GDE;LENTJF;UND;5.50;6.60;3
1016530340002;MALLA METALICA FDA/GDE;MALLMF;UND;7.50;9.00;3
1011606140001;MAQUINA PARA MOÑOS;MAQPM;UND;28.00;33.60;3
1016500630002;MARIPOSA DE ARETE BRONCE FDA/GDE;MARPABF;UND;7.50;9.00;3
1016500620002;MARIPOSA DE ARETE FDA/GDE;MARPARF;UND;7.50;9.00;3
1017510070001;NYLON ELEFANTE;NYLELE;UND;4.00;5.04;3.00
1012303000001;P. JIANG TAI T. OVALO 12X20 X100;PJTOX100;UND;39.00;46.80;3
1011603900002;PEPA AMBAR ESPECIAL FDA/GDE;PAMBEF;UND;6.90;8.28;3
1011605120002;PEPA ANTIGUA FD/GD;PANTIGF;UND;7.80;9.36;3
1016503050002;PEPA BICOLOR TORNASOL FDA/GDE;PBITORF;UND;13.00;15.60;3
1011608950002;PEPA BICOLOR TORNASOL ROMBO# 3 FDA/GDE;PEBTO3F;UND;18.80;22.56;3
1011605280002;PEPA COBRE PULIDA FDA/GDE;PCOBPF;UND;9.50;11.40;3
1011608740002;PEPA CRISTAL COLOR BOLA #6 FDA/GDE;PCCB06F;UND;8.00;9.60;3
1010530030002;PEPA CRISTAL COLOR FDA/GDE;PEPCOLF;UND;7.00;8.40;3
1010520020001;PEPA CRISTAL KG;PECRISK;UND;5.00;6.25;3
1011608930002;PEPA GAMUZA SENCILLA FDA/GDE;PEGSENF;UND;7.80;9.36;3
1011605110002;PEPA HIELO TRANSPARENTE FD/GD;PHTRASNF;UND;9.50;11.40;3
1021302030001;PEPA JIAN TAI # 12X100;PJ12X100;UND;12.00;14.40;3
1021302040001;PEPA JIAN TAI # 14X100;PJ14X100;UND;16.00;19.20;3
1012302330001;PEPA JIAN TAI 5 BORDESX100;PJ5BX100;UND;19.00;22.80;3
1012302280001;PEPA JIAN TAI ARGOLLAX100;PJARX100;UND;14.00;16.80;3
1021302200001;PEPA JIAN TAI GOTA GR.X100;PJGGX100;UND;16.00;19.20;3
1021302210001;PEPA JIAN TAI GOTA MED.X100;PJGMX100;UND;12.00;14.40;3
1012303030001;PEPA JIAN TAI PASTILLA PEQ.X100;PJPPX100;UND;35.00;42.00;3
1012303020001;PEPA JIAN TAI PASTILLAX100;PJPAX100;100;13.00;15.60;3
1012303140001;PEPA JIAN TAI PESCADOX100;PJIPX100;UND;25.00;30.00;3
1012303070001;PEPA JIANG TAI GOTA FIX100;PJGFX100;UND;32.00;38.40;3
1021302270001;PEPA JIANG TAI TUBO FINOX100;PJTFX100;UND;5.00;6.00;3
1021302260001;PEPA JIANG TAI TUBOX100;PJTUX100;UND;12.50;15.00;3
1012303060001;PEPA JING TAI OVALO FINOX100;PJOFX100;UND;25.00;30.00;3
1014526010002;PEPA MADERA COLOR FDA/GDE;PMCF;UND;8.50;10.20;3
1014526000002;PEPA MADERA FDA/GDE;PEMADEF;UND;6.90;8.28;3
1010100110002;PEPA MADERA PEGABLE FDA/GDE;PEMAPEGF;UND;2.90;3.48;3
1011608550002;PEPA MATE ESPECIAL FDA/GDE;PMEF;UND;6.00;7.20;3
1016530300001;PEPA METALICA FDA/GDE;PMETF;UND;8.50;10.20;3
1012521780001;PEPA METALIZADA OVALO FINO 6X10 X100;PO10X100;UND;14.00;16.80;3
1012521010002;PEPA METALIZADA OVALO FINO 6X8 X100;PO8X100;UND;11.00;13.20;3
1011601850001;PEPA METALIZADA OVALO FINO 8X15 X100;PF15X100;UND;19.00;22.80;3
1012521010001;PEPA METALIZDA OVALO FINO 7X12 X100;PF12X100;UND;17.00;20.40;3
1010530020002;PEPA NIQUEL / PLATA FDA/GDE;PENIPLF;UND;10.50;12.60;3
1011604620002;PEPA NIQUEL PLATA PARA ROPA FDA/GDE;PENPROF;UND;10.50;12.60;3
1011607810001;PEPA PLAST.  GRAFITY ESP. FD/GDE;PEPGRAEF;UND;12.00;14.40;3
1011605100002;PEPA PLASTICA GAMUZA FD/GD;PEPGAMF;UND;12.00;14.40;3
1012536170002;PEPA PLASTICA HIELO FDA/GDE;PPHF;UND;7.50;9.00;3
1011604800002;PEPA PLASTICA MATE FDA/GDE;PEPMF;UND;5.00;6.00;3.00
1011608940002;PEPA PLASTICA NACAR FDA/GDE;PEPNF;UND;9.90;11.88;3
1011604780002;PEPA PLASTICA PORCELANA FDA/GDE;PPPF;UND;7.50;9.00;3
1011606040002;PEPA PLASTICA ROMBO # 3 FD/GDE;PEPR3F;UND;9.50;11.40;3.00
2010200020001;PERLA PLASTICA FUNDA FD/GR.;PPFG;UND;6.90;8.28;3
1011605090002;PIEDRA ARTIFICIAL FD/GD;PARTF;UND;9.80;11.76;3
1016500350002;RESORTES COBRE / BRONCE FDA/GDE;RC/BF;UND;4.00;4.80;3
1016500330002;RESORTES FDA/GDE;RESNIQF;UND;6.00;7.20;3
1016500500002;RETENEDOR BOLA 2 x 2 FDA/GDE;REB2X2F;UND;18.50;22.20;3
1016500520002;RETENEDOR TUBO 1.5 x 1.5  FDA/GDE;RTU1X1F;UND;4.50;5.40;3
1016500530002;RETENEDOR TUBO 2 x 1 FDA/GDE;RTU2X1F;UND;6.00;7.20;3
1010520020002;ROLLO HILO PARA TEJER;RH/TEJ;UND;5.50;6.93;3
1011600190002;SEPARADOR 10 HUECOS COBRE/B. FDA/GDE.;S10HCBF;UND;7.90;9.48;3
1016500340002;SEPARADOR 10 HUECOS FINO FDA/GDE;SE10HFF;UND;7.00;8.40;3
1016502020002;SEPARADOR 10 HUECOS GRUESO FDA/GDE;SE10HGF;UND;7.90;9.48;3
1012361800002;SEPARADOR BOLA VACIA # 06 FDA/ GDE;SBV6F;UND;9.00;10.80;3.00
1016524100002;SEPARADOR BOLA VACIA # 08 FDA/GDE;SBV8F;UND;10.50;12.60;3.00
1016524110002;SEPARADOR BOLA VACIA # 10 FDA/GDE;SBV10F;UND;13.50;16.20;3
1016524120002;SEPARADOR BOLA VACIA # 12 FDA/GDE;SBV12F;UND;18.00;21.60;3
1016500370002;SEPARADOR CAMPANA FDA/GDE;SEPCAMF;UND;12.50;15.00;3
1016500600002;SEPARADOR CAMPANA MEDIANA FDA/GDE;SCAMMF;UND;6.00;7.20;3
1012500930001;SEPARADOR DIAMANTE # 10;SD10X100;UND;12.80;15.36;3
1012500920001;SEPARADOR DIAMANTE # 6;SD06X100;UND;7.80;9.36;3
1012100550001;SEPARADOR DIAMANTE # 8;SD08X100;UND;9.50;11.40;3
1011600290002;SEPARADOR FLOR DE LATA /FDA/GD.;SFLORLF;UND;12.50;15.00;3
1016500670002;SEPARADOR HOJA FDA/GDE;SEPHOJF;UND;6.00;7.20;3
1016500400002;"SEPARADOR METALICO ""A"" FDA/GDE";SEPMEAF;UND;13.50;16.20;3.00
1011600960001;SUJETADOR DE DIJE GRANDE X100;SHGX100;UND;15.00;18.00;3
1016500580002;SUJETADOR DE DIJE GRANDE X100;SDHGX100;UND;15.00;18.00;3
1016500740001;SUJETADOR DE DIJE HOJA GRANDE;SDHGX100;UND;9.00;10.80;3
1011606170002;SUJETADOR DE ELASTICO FDA/GDE;S/ELASF;UND;3.75;4.50;3
1016500590002;SUJETADOR DIJE SENCILLO FDA/GDE;SDSENF;UND;4.50;5.40;3
1016500710002;TAPA ARETE SOMBRERO FDA/GDE;TAASOMF;UND;18.00;21.60;3
1011600120001;TAPA DIJE PARA CELULAR X1000 FDA/GDE;TDPCF;UND;7.50;9.00;3.00
1016524130002;TAPA NUDO 2 HUECOS FDA/GDE;TAPN2HF;UND;9.00;10.80;3
1011605790001;TAPA NUDO 3 HUECOS FDA/GDE;TAPN3HF;UND;9.00;10.80;3
1016510290002;TAPA NUDO BRONCE FDA/GDE;TAPNBF;UND;6.00;7.20;3
1016500300002;TAPA NUDO NIQUEL FDA/GDE;TAPNNIF;UND;5.50;6.60;3
1016500950002;TERMINAL CUERO MEDIANO FDA/GDE;TCMEDIF;UND;2.00;2.40;3
1016500960002;TERMINAL CUERO PEQUEÑO FDA/GDE;TCPEQUF;UND;1.80;2.16;3
1016510110002;TERMINAL DE CADENA FDA/GDE;TERCADF;UND;6.50;7.80;3
1011606160001;TROQUELES;TOQUEL;UND;25.00;31.25;3.00
1012303110001;TUBO ARCO FINO 2X20 X100;TAFX100;UND;13.00;15.60;3
1016500380002;TUBO DE EMSAMBLE FDA/GDE;TENSAMF;UND;18.00;21.60;3
1011607610001;TUBO DE ENSAMBLE x 100;TENX100;UND;2.80;3.36;3
1016500450002;TUBO ENTORCHADO ARCO FDA/GDE;TEARCOF;UND;13.00;15.60;3
1016500430002;TUBO ENTORCHADO RECTO 2 - 3 FDA/GDE;TEREC2F;UND;7.80;9.36;3
1016500420002;TUBO ENTORCHADO RECTO 4 - 5 FDA/GDE;TEREC4F;UND;9.75;11.70;3
1016500470002;TUBO LLANO ARCO 2 - 3 cm FDA/GDE;TLLAA3F;UND;6.00;7.20;3
1016500480002;TUBO LLANO ARCO 4 - 5 FDA/GDE;TLLAA4F;UND;9.00;10.80;3
1016500460002;TUBO LLANO GRUESO FDA/GDE;XXXXXXX;UND;14.50;17.40;3
1016500390002;TUBO LLANO RECTO FDA/GDE MILLAR;TLLAREF;UND;6.00;7.20;3
1016511130002;UNION DE CADENA BOLA 2.3 mm FDA/GDE;UCB2.3F;UND;4.50;5.40;3
1011606460001;AGUJA DE ARETE FLOR;AAF;UND;0.5;0.63;6
1016558000001;AGUJA P/ENSARTAR CHAQUIRA /50F;AECHP50;UND;1.50;1.88;6
1012558010001;AGUJA PARA CHAQUIRA PEQUENA;ACHP;UND;0.50;0.63;6
1011605960001;ANILLO AGATA ;ANAG;UND;0.35;0.44;6
1011606520001;ANILLO AGATA FACETEADO;ANAF;UND;0.40;0.50;6
1011606860001;ANILLO DE PIEDRA AMATISTA;APAM;UND;5.00;6.00;6
1018530220001;ANILLO PARA BASE ATACHE;ABAT;UND;0.11;0.16;6
1016571060001;APLIQUE 1 HOJA;AP1HOJA;UND;0.20;0.25;6
1012525050001;APLIQUE 2 FLOR PEQUEÑA;AP2FPQ;UND;0.09;0.11;6
1010531000001;APLIQUE 2 ROSAS LARGAS;AP2RL;UND;0.43;0.54;6
1016571050001;APLIQUE 6 FLORES;AP6FL;UND;0.45;0.56;6
1012523040001;APLIQUE BOTON DE TELA;ABTL;UND;0.25;0.32;6
1590103530001;APLIQUE BOTON DE TELA MEDIANO;ABTM;UND;0.20;0.25;6
101160597001;APLIQUE BOTON DE TELA PEQ.;ABTLP;UND;0.10;0.13;6
1011606610001;APLIQUE CARA DE MUÑEQUITAS;ACMN;UND;0.40;0.50;6
1011608610001;APLIQUE CON LENTEJUELA;APLEN;UND;0.60;0.75;6
1011608600001;APLIQUE CON LENTEJUELA MEDIANO;APLEM;UND;0.55;0.69;6
2590400120001;APLIQUE CON PEPA CRISTAL;APCRIS;UND;3.80;4.75;6
1022521020001;APLIQUE FLOR PEQUEÑA;APFP;UND;0.13;0.16;6
1011600920001;APLIQUE FLORES GRANDES;AFGR;UND;3.00;3.75;6
1010600770001;APLIQUE FLORES PAQUETE;APFPQ;UND;2.00;2.50;6
1013523080001;APLIQUE GAJOS DE FLORES;APGF;UND;0.40;0.50;6
1012525260001;APLIQUE GAJOS LARGOS;APGL;UND;0.91;1.14;6
1011600980001;APLIQUE GRANDE PARA ROPA;APGR;UND;4.00;5.00;6
1016500550001;APLIQUE HOJA BORDADA;APHB;UND;0.12;0.15;6
1016524220001;APLIQUE HOJA CORAZON;APHC;UND;0.25;0.31;6
1012523090001;APLIQUE LANA X 12;APLx12;UND;1.80;2.25;6
1011608650001;APLIQUE MARIPOSA GRANDE;APMG;UND;0.75;0.94;6
1012101210001;APLIQUE OK.;APOK;UND;0.50;0.63;6
1011600450001;APLIQUE ROSA - LAZO;ARLZ;UND;0.20;0.25;6
1510103540001;APLIQUE ROSA HORGANZA;AROR;UND;0.40;0.50;6
1012551020002;APLIQUE ROSA LENTEJUELA;APRL;UND;0.30;0.39;6
2590401070001;APLIQUE SENCILLO;ASEN;UND;0.30;0.38;6
1016524240001;APLIQUE TULIPAN;APTP;UND;0.35;0.44;6
1011606630001;APLIQUE VARIOS MODELOS;APVM;UND;0.40;0.50;6
1016503020002;ARETE FINO GRANDE;AFG;UND;1.75;2.19;6
1012303180001;ARETE PERLA;APER;UND;0.65;0.82;6
1011201300001;ARGOLLA DIAMANTE # 10;AD10;UND;0.40;0.50;6.00
1011602850001;ARGOLLA DIAMANTE # 15;AD15;UND;0.65;0.82;6.00
1012520120001;ARGOLLA DIAMANTE # 8;AD08;UND;0.35;0.44;6.00
1011608240001;ARGOLLA DIAMANTE DOBLE # 09;ADDO09;UND;0.65;0.82;6
1011608250001;ARGOLLA DIAMANTE DOBLE # 12;ADDO12;UND;0.70;0.88;6
1015100870001;ARGOLLA DIAMANTE PLASTICA;ADPLAS;UND;0.40;0.50;6
1011605450001;ARGOLLA FINA T - 1380;AFT13;UND;0.15;0.19;6
1011605470001;ARGOLLA FINA T - 1666;AFT16;UND;0.40;0.50;6
1011605430001;ARGOLLA FINA T - 1667;AFT67;UND;0.35;0.45;6
1011605440001;ARGOLLA FINA T - 1668;AFT68;UND;0.40;0.50;6
1011605480001;ARGOLLA FINA T - 6071;AFT71;UND;0.20;0.25;6
1011605490001;ARGOLLA FINA T - 7100;AFT10;UND;0.35;0.45;6
1011604290001;ASA CERRADA CON TORNILLO;ACCTOR;UND;0.45;0.54;6
1011606470001;ASA CERRADA CON TORNILLO DIAMANTE;ACCTDI;UND;1.20;1.50;6
1011603170001;ATACHE PARA COSER GRANDE;ACPCG;UND;1.5;1.89;6
1011602520001;ATACHE PARA COSER PEQUEÑO;ACPCP;UND;0.90;1.13;6
1515101970001;ATACHE PARA ZAPATOS;APZAP;UND;0.25;0.31;6
1011600990001;ATACHE PLAST.PEQ.;APLAP;UND;0.13;0.16;6.00
1090531040001;ATACHE PLASTICO;APLAS;UND;0.16;0.20;6
1011700010001;ATACHE PLASTICO MD.;APLAM;UND;0.15;0.19;6
1011606960001;BASE ANILLO CON ARGOLLA;BAAR;UND;0.40;0.50;6
1011607910001;BASE ANILLO CON MAYA;BAMA;UND;0.40;0.50;6
1590200930001;BASE PARA ARETE X PAR;BAXP;UND;1.50;1.88;6
1011603510001;BOLA DEBUTA # 04;BODE04;UND;0.40;0.50;6.00
1011603410001;BOLA DEBUTA # 06;BODE06;UND;0.40;0.50;6
1011603390001;BOLA DEBUTA # 08;BODE08;UND;0.50;0.63;6
1011603400001;BOLA DEBUTA # 10;BODE10;UND;0.75;0.95;6
1011603380001;BOLA DEBUTA # 12;BODE12;UND;1.10;1.39;6
1016500760001;BROCHE CON PIEDRA;BROPI;UND;2.50;3.13;6
1016500120001;BROCHE CONCHA GRANDE;BRCG;UND;6.80;8.50;6
1016530230002;BROCHE CONCHA MEDIANA;BRCM;UND;4.80;6.00;6
1011600530001;BROCHE CONCHA PEQUEÑO;BRCP;UND;3.90;4.88;6
1016500060001;"BROCHE DIAMANTE "" A """;BRDA;UND;0.50;0.63;6
;BROCHE DIAMANTE GRANDE;BRDGR;UND;0.60;0.76;6
;BROCHE FINO;BROF;UND;0.45;0.57;6
1016500070001;BROCHE GAFETE;BROG;UND;0.45;0.57;6
1011604140001;BROCHE GRANDE CON DIAMANTE;BGDI;UND;0.65;0.81;6
1016500290001;BROCHE IMAN EXTRA GRANDE;BRIEX;UND;0.85;1.06;6
;BROCHE MAGNETICO PASTILLA;BMPA;UND;0.20;0.26;6
1016500090001;BROCHE PASTILLA;BROPA;UND;0.60;0.75;6
1011604510001;BROCHE REDONDO FINO;BRRF;UND;0.65;0.82;6
;BROCHE SALVAVIDA;BROSV;UND;0.45;0.57;6
1011607680001;CALCOMANIA 60 x 46;CALCO;UND;2.70;3.38;6
1011528020001;CANUTILLO TORCIDO;CANUT;UND;1.80;2.16;6
1011608790001;CASCAJO CONCHA NACAR;CCHN;UND;1.25;1.56;6
1011606990001;CASCAJO NATURAL;CASCN;UND;1.20;1.50;6
1011528000001;CHAQUIRA;CHAQ;UND;1.75;2.19;6
1011609030001;CHAQUIRA (amarilla,azul,roja,naranja);CHAARN;UND;2.25;2.82;6
1011602840001;CHAQUIRA BICOLOR;CHBI;UND;3.50;4.38;6
1011528040001;CHAQUIRA HIELO;CHAH;UND;1.25;1.50;6
1011528030001;CHAQUIRA METALIZADA;CHAQM;UND;2.25;2.82;6
1011528010001;CHAQUIRA METALIZADA ESPECIAL;CHAMES;UND;5.50;6.88;6
1021310140001;CINTA METRICA;CMETR;UND;0.15;0.19;6
1016510130001;CIRCULO DE CUELLO;CIRCLL;UND;0.45;0.59;6
1016500890001;COELLO DE GIPIUR PEQUEÑO;CGYP;UND;0.70;0.88;6
1013523090001;COLLAR CONCHA COLOR;COCC;UND;1.00;1.31;6
1013523070001;COLLAR CONCHA REDONDO;CCHR;UND;0.85;1.07;6
1011604260002;COLLAR DE CHAQUIRA;COCHQ;UND;0.75;0.94;6
1012580050001;COLLAR PIEDRA NATURAL GRANDE;COLPNG;UND;3.50;4.20;6
1012525020001;COLLAR PIEDRA NATURAL PEQUENO;COLPNP;UND;2.50;3.29;6
1090200490001;CONCHA CASCAJO;CONCAS;UND;1.90;2.39;6
1011607000001;CONCHA NATURA V/ MODEL0S;COCHNV;UND;0.75;0.94;6
1013573150001;CONCHA NATURAL BOLA # 12;CNBOL12;UND;1.95;2.44;6
1011607020001;CONCHA NATURAL BOLA # 6;CNBOL6;UND;0.80;1.00;6
1011607030001;CONCHA NATURAL BOLA # 8;CNBOL8;UND;0.95;1.19;6
1011607110001;CONCHA NATURAL BOLA 3/4;CNB3/4;UND;0.80;1.00;6.00
1011600280001;CORAL ARROZ VARIOS MODELOS;CAVM;UND;0.08;0.10;6
1011601330001;CORAL CASCAJO;CORCAS;UND;0.05;0.07;6
1011600270001;CORAL CUADRADO TUBO PASTILLA;CCTP;UND;0.10;0.13;6
1011601260001;CORDON DE SEDA /PQ.;CORSP;UND;0.29;0.37;6
1023550100001;CORTADOR DE COLLAR;CORCO;UND;0.60;0.76;6
1011520900001;CRISTAL HOJA;CRISHOJ;UND;0.75;0.95;6
101160786001;"CRISTAL NAT. ""A"" 1.5 BOLA # 4";CNAB4;UND;3.50;4.38;6
2590401260001;"CRISTAL NAT. ""A"" 1.5 BOLA # 6";CNAB1.56;UND;4.50;5.63;6
2590201310001;"CRISTAL NAT. ""A"" 1.5 BOLA # 8";CNAB8;UND;5.00;6.25;6
1011605670001;"CRISTAL NAT. ""A"" BOLA # 6 NUEVA";CNAB6N;UND;2.50;3.13;6
1011607900001;"CRISTAL NATURAL  ""A"" EXAGONAL #6 - #8";CNEX6;UND;5.00;6.25;6
1016500860001;"CRISTAL NATURAL "" A "" 1.5 BOLA # 10";CNAB10;UND;5.50;6.88;6
1011603720001;"CRISTAL NATURAL "" A"" # 011";XXXXXXX;UND;1.90;2.28;6
1011600680001;"CRISTAL NATURAL "" A"" # 10";CNA10;UND;2.00;2.50;6
1011600670001;"CRISTAL NATURAL "" A"" # 8";CNA8;UND;1.40;1.75;6
1011603330001;"CRISTAL NATURAL "" A"" BOLA # 06";CNAB6;UND;1.70;2.13;6
1011603320001;"CRISTAL NATURAL "" A"" BOLA # 08";CNAB8P;UND;2.00;2.50;6
;"CRISTAL NATURAL ""A""BOLA # 10";CNAB10;UND;2.40;3.00;6
1011603590001;"CRISTAL NATURAL ""A"" # 04";CNA4;UND;1.90;2.39;6
1011600660001;"CRISTAL NATURAL ""A"" # 6";CNA6;UND;2.50;3.13;6.00
1011607890001;"CRISTAL NATURAL ""A"" 1.5 # 04";CNA4R;UND;3.50;4.38;6
1011603310001;"CRISTAL NATURAL ""A"" BOLA # 10";CNABP10;UND;2.40;3.00;6
1011604600001;"CRISTAL NATURAL ""A"" BOLA 12";CNABP12;UND;2.50;3.13;6
1011520500001;CRISTAL NATURAL # 04;CRISTN4;UND;0.50;0.63;6
1011520510001;CRISTAL NATURAL # 06;CRISTN6;UND;0.75;0.93;6
1011520520001;CRISTAL NATURAL # 08;CRISTN8;UND;0.95;1.20;6
1011520530001;CRISTAL NATURAL # 10;CRISTN10;UND;1.50;1.58;6
1011601640001;CRISTAL NATURAL CUADRADO # 04;CNC4;UND;2.50;3.13;6
1011601710001;CRISTAL NATURAL CUADRADO # 06;CNC6;UND;2.75;3.44;6
1011601720001;CRISTAL NATURAL CUADRADO # 08;CNC8;UND;3.00;3.75;6
1012530500001;CRISTAL NATURAL DIAMANTE # 10;CND10;UND;3.60;4.50;6
1012530490001;CRISTAL NATURAL DIAMANTE # 12;CND12;UND;4.25;5.31;6
1011601470001;CRISTAL NATURAL DIAMANTE # 14;CND14;UND;4.95;6.19;6
1011605540001;CRISTAL NATURAL VARIOS MODELOS;CNVM;UND;1.00;1.25;6
1011606510001;CRISTAL OVALO # 10;CNO10;UND;5.50;6.88;6
101160785001;CRISTAL OVALO # 12;CNO12;UND;6.00;7.50;6
1011607980001;CRISTAL OVALO # 14;CNO14;UND;8.00;10.00;6
101160784001;CRISTAL OVALO # 4;CNO4;UND;3.00;3.75;6
1011606490001;CRISTAL OVALO # 6;CNO6;UND;4.50;5.63;6
1011606500001;CRISTAL OVALO # 8;CNO8;UND;5.00;6.25;6
1011602300001;CRISTAL OVALO 1.5 # 4;COV1.5.4;UND;4.00;5.00;6
1011601890001;CRISTAL TORNASOL NATURAL 6;CTN6;UND;1.90;2.39;6
1011604090001;CROCHETS X DOC.;CROX12;UND;1.30;1.63;6
1011606530001;CROCHETS x UN.;CROXUN;UND;0.40;0.50;6
1010520160001;CUARZO JADE BOLA # 06;CUARJB6;UND;0.45;0.54;6
1010520170001;CUARZO JADE BOLA # 08;CUARJB8;UND;0.60;0.72;6
1010520180001;CUARZO JADE BOLA # 10;CUARJB10;UND;0.75;0.90;6
1011520300001;CUARZO JADE CUADRADO # 04;CUARJC4;UND;0.50;0.60;6
1011520310001;CUARZO JADE CUADRADO # 06;CJC6;UND;0.75;0.90;6
1011520320001;CUARZO JADE CUADRADO # 08;CUARJC8;UND;0.90;1.08;6.00
1011520330001;CUARZO JADE CUADRADO # 10;CUARJC10;UND;1.10;1.32;6
1012520340001;CUARZO JADE CUADRADO LARGO # 6;CJCL6;UND;0.95;1.14;6
1016503030001;CUARZO JADE ENTORCHADO;CUARJE;UND;1.50;1.80;6
1011520350001;CUARZO JADE TORCIDO;CJT;UND;1.50;1.80;6
1011604550001;CUARZO RECTANGULAR GDE. 8 X 16;CJRG;UND;1.50;1.80;6
1011604560001;CUARZO RECTANGULAR MED. 6 X 12;CJRM;UND;1.10;1.32;6
1016500860002;CUELLOS DE GIPIUR MEDIANO;CGYM;UND;1.75;2.19;6
1010522060001;DIAMANTE DE BRASIL 5 x 8 / 6 x 8;DBB5X8;UND;0.75;0.94;6
1012522070001;DIAMANTE DE BRASIL 6 x 9;DBB6X9;UND;0.80;0.96;6
1010522000001;DIAMANTE DE BRASIL BOLA # 04;DBB4;UND;0.35;0.42;6
1010522010001;DIAMANTE DE BRASIL BOLA # 06;DBBI6;UND;0.45;0.54;6
1010522020001;DIAMANTE DE BRASIL BOLA # 08;DBB8;UND;0.60;0.75;6
1010522230001;DIAMANTE DE BRASIL BOLA # 10;DBB10;UND;0.90;1.13;6
1010522240001;DIAMANTE DE BRASIL BOLA # 12;DBB12;UND;1.00;1.20;6
1010522210001;DIAMANTE DE BRASIL C/DIJE PEQ x 12;DBDPX12;UND;1.65;2.07;6
1010522030001;DIAMANTE DE BRASIL CUADRADO # 04;DBBC4;UND;0.35;0.44;6
1010522040001;DIAMANTE DE BRASIL CUADRADO # 06;DBBC6;UND;0.45;0.57;6
1010501330001;DIAMANTE DE BRASIL CUADRADO # 08;DBBC8;UND;0.90;1.13;6
1010522170001;DIAMANTE DE BRASIL ESTRELLA / CORAZON;DBE/C;UND;1.50;1.88;6
1010522160001;DIAMANTE DE BRASIL MAGNETICO;DBMAG;UND;0.80;1.00;6.00
1010522140001;DIAMANTE DE BRASIL PASTILLA # 06;DBP6;UND;0.50;0.63;6
1010522150001;DIAMANTE DE BRASIL PASTILLA # 08;DBP8;UND;0.80;1.00;6
1010522280001;DIAMANTE DE BRASIL TUBO 5X8 IMAN;DBT5X8I;UND;0.70;0.84;6
1012100430002;DIJE ACERO GRANDE;DIJAG;UND;1.50;1.89;6
;DIJE ACERO MEDIANO;DIJAM;UND;;1.25;6
1012521050001;DIJE ACERO MEDIANO;DAMXFU;UND;10.50;12.60;6
1011605530001;DIJE CONCHA ARGOLLA;DIJCAR;UND;0.15;0.19;6
1011602740001;DIJE CONCHA CON BASE;DIJCB;UND;6.80;8.50;6
1013523020001;DIJE CONCHA HOJA GRANDE;DIJOG;UND;0.75;0.94;6
1011608480001;DIJE CONCHA PINTADA;DIJECP;UND;0.22;0.28;6
1011605520001;DIJE CONCHA ROSA;DIJECR;UND;0.35;0.44;6
1011605680001;DIJE CRISTAL ATACHE GRANDE;DIJCAG;UND;1.00;1.25;6
1011605690001;DIJE CRISTAL ATACHE MEDIANO;DIJCAM;UND;0.60;0.75;6
1011605740001;DIJE CRISTAL CORAZON.MARIPOSA;DCCM;UND;0.15;0.19;6
1011608900001;DIJE CRISTAL GOTA;DIJCG;UND;0.19;0.24;6
1011605730001;DIJE CRISTAL GOTA GRANDE;DIJCGG;UND;0.80;1.00;6
1016520100001;DIJE CRISTAL GOTA MEDIANA;DIJCGM;UND;0.40;0.50;6
1010605750001;DIJE CRISTAL OCTAGONAL PEQUEÑO;DIJCOP;UND;0.40;0.50;6
1012520110001;DIJE CRISTAL PEQUENO REDONDO;DIJCPR;UND;0.10;0.13;6
1012520240001;DIJE CRISTAL PEQUEÑO PASTILLA;DIJCPPA;UND;0.12;0.15;6
1010605760001;DIJE CRISTAL REDONDO GRANDE;DIJCRG;UND;0.50;0.65;6
1011605720001;DIJE CRISTAL ROMBO PEQUEÑO;DIJCRP;UND;0.40;0.50;6.00
1011601620001;DIJE CUARZO FLOR/PQ.;DIJQFP;UND;1.20;1.51;6
1010522100001;DIJE DIAMANTE DE BRASIL 2 HUECOS;DDB2H;UND;0.02;0.02;6
1011608110001;DIJE DIAMANTE VARIOS MODELOS;DIJDVM;UND;2.50;3.13;6
1011601960001;DIJE GEMA CON HUECOS;DIJGH;UND;0.80;1.01;6
1012525000001;DIJE GEMA NATURAL GRANDE;DIJGNG;UND;0.75;0.94;6
1016502010001;DIJE METALICO;DIJMET;UND;0.40;0.50;6
1015101030001;DIJE OJO DE GATO OVALO PEQ. TI;DOGOPT;UND;4.50;5.40;6
1011606220001;DIJE OJO DE GATO OVALO TIRA;DOGOT;UND;7.00;8.40;6
1011600230001;DIJE PARA CELULAR  ;DJCLX100;UND;3.50;4.68;6
1012571000001;DIJE PIEDRA NATURAL;DIJPN;UND;5.00;6.25;6
2512200950001;DIJE VITRO FUSION VARIOS MODELOS;DIJVFV;UND;1.90;2.38;6
1013536380001;DIJE VITROFUSION OVALO;DIJVFO;UND;0.75;0.94;6
1090610090001;DIJE VITROFUSION PEQUEÑO;DIJVFP;UND;0.90;1.13;6
1011603110001;DIJES DE CONCHA PERLA PEQUEÑO;DIJCPP;UND;0.50;0.63;6.00
1011608870002;DIJES DIAMANTE VARIOS MODELOS X PAR;DIDVX;UND;0.80;1.00;6
1010530040002;DIJES PARA ARETES;DIJAR;UND;0.75;0.95;6
1010522360001;DMT / BRASIL BOLA IMAN # 8;DBBI8;UND;0.80;1.00;6
1010522350001;DMT/BRASIL BOLA IMAN # 10;DBBI10;UND;0.90;1.13;6
1010522370001;DMT/BRASIL BOLA IMAN # 6;DBBI6;UND;0.70;0.88;6
1012512010001;ELASTICO;ELAST;UND;0.50;0.63;6
1012512020001;ELASTICO LARGO;ELASTL;UND;2.00;2.50;6
1011608560001;ENCAJE  ELASTICO;ENCEL;UND;0.00;0.55;6
1011608690001;ENCAJE  REF. # 722;EREF722;UND;0.12;0.15;6
1011608700001;ENCAJE  REF. # 730;EREF730;UND;0.30;0.38;6
1011602270001;ENCAJE 1 BORDES;ENCJ1B;UND;0.25;0.41;6
1010604690001;ENCAJE 11BORDES;ENCJ11B;UND;0.78;1.05;6
1011602240001;ENCAJE 5 BORDES;ENCJ5B;UND;0.43;0.59;6
1011606890001;ENCAJE COLA DE RATA;ENCJCR;UND;0.25;0.40;6
1011602260001;ENCAJE CON PERLA;ENCJP;UND;0.36;0.59;6
1011602280001;ENCAJE CUADRADO;ENCAJC;UND;0.36;0.48;6
1011606850001;ENCAJE CUERINA;XXXXXXX;UND;;;6
1011602250001;ENCAJE ENTRENSADO;ENCAJET;UND;0.25;0.41;6
1590103080001;ENCAJE GIPIUR PEQ. (DS-401660E1.3/F);ENCGP;UND;0.36;0.45;6
1011606910001;ENCAJE HILO PLATEADO CON LENTEJUELA;EHPL;UND;1.00;1.25;6
1011601160001;ENCAJE MEDALLA;ENCJM;UND;0.70;0.90;6
1011606900001;ENCAJE NUDO;ENCJN;UND;0.25;0.40;6
1011608660001;ENCAJE REF. # 244 - # 313;E244-313;UND;0.15;0.19;6
1011608670001;ENCAJE REF. # 336;EREF336;UND;0.20;0.25;6
1011608680001;ENCAJE REF. # 445;EREF445;UND;0.25;0.32;6
1011608710001;ENCAJE REF. # 703;EREF703;UND;0.35;0.44;6
1011606770001;ENCAJE TEJIDO DE CUERO;ENCJC;UND;0.40;0.55;6
1011606760001;ENCAJE TIRA CUERO SENCILLO;ENCAJS;UND;0.30;0.50;6
1011606810001;ENCAJE TIRA GAMUZA;ENCTG;UND;0.30;0.40;6
1011606840001;ENCAJE TIRA x 1;ENCJTX1;UND;0.10;0.13;6
1090410000001;ESTUCHE BRILLOSO;ESTCB;UND;6.50;7.80;6
1011605600001;ESTUCHE CORAZON;ESTC;UND;0.40;0.50;6.00
1011608470001;ESTUCHE CUADRADO 9 x 9;ESTC9X9;UND;0.55;0.69;6
1090410020001;ESTUCHE CUADRADO EXTRA PEQUEÑO;ESCEP;UND;0.25;0.31;6
1011607500001;ESTUCHE CUADRADO MED.;ESCMD;UND;0.62;0.78;6
1090410040001;ESTUCHE CUADRADO PEQUEÑO;ESCPE;UND;0.40;0.50;6
1011605610001;ESTUCHE CUERO PEQ.;ESTCP;UND;1.45;1.74;6
3010800010001;ESTUCHE DE CUERO 11x12;ESC11;UND;3.00;3.75;6
3010800020001;ESTUCHE DE CUERO 22 x 5.5;ESC22;UND;3.00;3.75;6
1090551050001;ESTUCHE DE CUERO 8x9;ESC9X;UND;2.75;3.44;6
1090410030001;ESTUCHE DE CUERO 9 x 5;ESC9X5;UND;2.80;3.36;6
1011609100001;ESTUCHE DE GAMUZA;ESTGA;UND;2.40;3.00;6
3010800040001;ESTUCHE GAMUZA 12 x 17.5;ESG12;UND;4.20;5.29;6
1011601280001;ESTUCHE GAMUZA 22x5;ESG22;UND;2.40;3.02;6
3010800060001;ESTUCHE GAMUZA 9x11;ESG9;UND;2.40;3.00;6
10904100050001;ESTUCHE PLASTICO DE ANILLO;ESTPLAN;UND;0.25;0.30;6
1011608460001;ESTUCHE RECTANGULAR 8 x 11;ESTR8X11;UND;0.60;0.75;6
1011609110001;ESTUCHE TORNASOL;ESTOR;UND;0.55;0.69;6
1012101230002;ESTUCHES PLASTICO GRANDE;ESTPLG;UND;0.75;0.75;6
1090580100001;EXHIBIDORES;EXHIB;UND;5.00;6.00;6
1090610110001;EXSIBIDORES DE ARETE GRANDE;EXAGR;UND;6.80;8.16;6
1011604270001;EXSIBIDORES DE ARETE PEQ.;EAPEQ;UND;3.00;3.75;6
;FICHA PARA ARETE TAGUA /GD.;FATG;UND;0.12;0.15;6
;FICHA PARA ARETE TAGUA /MD.;FATM;UND;0.10;0.13;6
;FICHA PARA ARETE TAGUA /PQ.;FATP;UND;0.11;0.14;6
;FICHA PULSERA;FICHP;UND;0.12;0.15;6
1011606730001;FUNDA CON CIERRE 11 x 16 GDE;FUNX16;UND;1.85;2.29;6
1011606710001;FUNDA CON CIERRE 7x 10 PEQ.;FUNX7;UND;0.95;1.19;6
1011606720001;FUNDA CON CIERRE 9 x 13 MED.;FUNX9;UND;1.45;1.81;6
3010800110001;GARGANTILLA DE CHAQUIRA;GARGCH;UND;0.79;0.99;6
1011603840001;GRANATE BOLA # 03 - 04;GRANB3;UND;5.50;6.88;6
1012536420001;GRANATE BOLA # 06;GRANB6;UND;8.00;10.00;6
1011605910001;GRANATE BOLA # 08;GRANB8;UND;9.50;11.88;6
1012530360001;GRANATE BOLA # 10;GRANB10;UND;10.00;12.50;6
1010520200001;GRANATE BOLA # 12;GRANB12;UND;12.50;15.63;6
1016571020001;GRANATE CASCAJO;GRANC;UND;2.90;3.63;6
1010522080001;GRANATE FACETEADO BOLA # 08;GRANF8;UND;14.00;17.50;6
1010522090001;GRANATE FACETEADO BOLA # 09 - 10;GRANF9;UND;15.00;18.75;6
1012100570001;GRANATE FACETEADO BOLA # 11 - 12;GRANF11;UND;16.50;20.62;6
2010200280001;GRANATE PASTILLA;GRANP;UND;5.20;6.50;6
1015101140001;GRANATE TUBO;GRANT;UND;5.50;6.88;6
1011608090001;GRANATE VARIOS MODELOS;GRANV;UND;5.50;6.88;6
1017510300001;HILO ALGODON FINO;HALGF;UND;1.20;1.44;6
1017510040001;HILO ALGODON GRUESO;HALG;UND;1.50;1.80;6
1017510150001;HILO CUERO;HILOC;UND;0.19;0.23;6
1011606300001;HILO DE BORDAR x 12 un.;HILBX12;UND;1.30;1.63;6
1011600200001;HILO DIJE PARA CELULAR;HILDCEL;UND;1.50;1.88;6
1017510030001;HILO ELASTICO COLOR;HELAST;UND;0.50;0.63;6
1011609040001;HILO ENSERADO x ROLLO 1.0;HENXR1;UND;4.80;6.00;6
1011609050001;HILO ENSERADO x ROLLO 1.5;HENXR1.5;UND;6.00;7.50;6.00
1011609060001;HILO ENSERADO x ROLLO 2.0;HENXR2.0;UND;4.80;6.00;6.00
1017510310001;HILO NYLON;HILNY;UND;0.50;0.63;6
;HILO PARA COSERX12CAJA;HILP;UND;1.20;1.44;6.00
1011605400001;HILO PERLA;HILOP;UND;1.95;2.44;6.00
1011606310001;HILO PLATEADO /DORADO x 8 un.;HILP/DX8;UND;1.20;1.50;6
1011607820001;HILO PLATEADO DORADO x ROLLO PEQ.;HILPDPX;UND;1.20;1.50;6
1012510030001;HILO PLATEADO/DORADO;HILPDOR;UND;0.95;1.20;6.00
1011600540001;IMPERDIBLE / LANA;IMPERLA;UND;2.00;2.50;6
1015536190001;LAZO PARA CINTURON;LPC;UND;0.38;0.48;6
1010531020001;LENTEJUELA / ROLLO;LENTJRO;UND;4.00;4.80;6
2512200940001;"LETRA ""O"" PARA PEGAR ATACHE";LOPA;UND;0.15;0.19;6
1011602890001;"LETRA DIAMANTE "" O"" MEDIANA";LETDOM;UND;0.45;0.54;6
1011604180001;"LETRA DIAMANTE ""O"" PEQUEÑA.";LETDOP;UND;0.40;0.50;6
1013524030001;LLAVERO METALICO OFERTA;LLAVMO;UND;0.45;0.45;6
1090610070002;MARIPOSA DE ARETE FINA;MARAFI;UND;4.00;5.00;6
1011608080001;MUÑECO ANGELES LLAVERO GRANDE;MALLGR;UND;0.75;0.90;6
1020524140001;MUÑECO PARA LLAVERO;MUNLLA;UND;0.98;1.23;6
1011608300001;MUÑECO PARA LLAVERO MEDIANO;MPLLMD;UND;0.40;0.48;6
1011608060001;MUÑECO PARA LLAVERO MOVIBLE;MUNLLM;UND;2.25;2.81;6
1011608070001;MUÑECO PARA LLAVERO PEQUEÑO;MUNLLP;UND;0.32;0.40;6
1021310020001;MURRINA BOLA # 06;MURB06;UND;1.00;1.26;6
1021310030001;MURRINA BOLA # 08;MURB08;UND;1.25;1.56;6
1021310040001;MURRINA BOLA # 10;MURB10;UND;1.75;2.19;6
1021310050001;MURRINA BOLA # 12;MURB12;UND;2.00;2.50;6
1021310110001;MURRINA PASTILLA # 10;MUPA10;UND;3.00;3.78;6
1021310130001;MURRINA TAMBOR;MURTAM;UND;3.00;3.78;6
1011606560001;PALILLOS CIRCULARES;PALCIRC;UND;1.30;1.63;6
1011606540001;PALILLOS PARA TEJER;PALTEJE;UND;0.60;0.75;6
1011601750001;PALILLOS PARA TEJER PLAS.;PPTPLAS;UND;0.30;0.36;6
1011608570001;PALILLOS PARA TEJER PLASTICO;PALTEPL;UND;0.30;0.38;6
1011606550001;PALILLOS PARA TEJER x 4;PALTEX4;UND;0.75;0.94;6
1011604210001;PAQUETE DIAMANTE;PAQDIAM;UND;25.00;3.00;6
1011609140001;PEG./ TELA PARA PIEDRA Y METALES;PEGTEPM;UND;1.80;2.25;6
1011609130001;PEGAMENTO DE TELA PARA TELA;PEGTELA;UND;1.20;1.50;6
1012605790001;PEGAMENTO EN TUBO;PEGATU;UND;0.40;0.50;6
1012536210001;PEGAMENTO GRANDE;PEGATUG;UND;2.80;3.36;6
1012536220001;PEGAMENTO PEQUENO;PEGATUP;UND;1.20;1.50;6
1510200180001;PEINETA x PAR;PEINXPAR;UND;0.25;0.31;6
1011607650001;PELLON FINO 1 mmm;PELLF1;UND;0.75;0.94;6
1011607670001;PELLON GDE. 2 mm;PELLG2;UND;1.25;1.57;6
1011607660001;PELLON MED. 1.5mm;PELLM1.5;UND;1.00;1.25;6
1011605660001;PEPA JIAN TAI #18 PULIDA;PJIP18;UND;0.85;1.06;6
1021302100001;PEPA JIAN TAI DIJE;PJINDIJ;UND;0.40;0.50;6
1012536160001;PEPA JIAN TAI DIJE GRANDE;PJINDG;UND;1.50;1.89;6
;PEPA JIANG TAI ROMBO;PJINR;UND;0.14;0.18;6
1011603490001;PEPA METALIZADA ESPECIAL BOLA # 04;PMEB04;UND;1.25;1.58;6
1011603340001;PEPA METALIZADA ESPECIAL BOLA # 06;PMEB06;UND;1.30;1.64;6
1011603360001;PEPA METALIZADA ESPECIAL BOLA # 08;PMEB08;UND;1.35;1.70;6
1011603640001;PEPA METALIZADA ESPECIAL BOLA # 10;PMEB10;UND;1.90;2.39;6
1011603650001;PEPA METALIZADA ESPECIAL BOLA # 12;PMEB12;UND;2.50;3.15;6
1011603660001;PEPA METALIZADA ESPECIAL CUADRADO 10X 12;PMEC10;UND;2.20;2.77;6
1011603670001;PEPA METALIZADA ESPECIAL CUADRADO 6X10;PMEC06;UND;2.10;2.65;6
1011603500001;PEPA METALIZADA ESPECIAL TUBO 4 X 6;PMET04;UND;1.30;1.64;6
1011603350001;PEPA METALIZADA ESPECIAL TUBO 6X15;PMET06;UND;1.35;1.70;6
1010532000002;PEPA METALIZADA FDA/GDE;PEMETAF;UND;6.50;7.80;6
1013524040001;PERLA # 9;PERL9;UND;2.90;3.63;6.00
1011604630001;PERLA 5/6;PERL5;UND;1.90;2.38;6
1011602160001;PERLA ARROZ BRILLO GRANDE;PABG;UND;13.50;16.89;6
2511400100001;PERLA ARROZ FINA # 16;PAF16;UND;16.50;20.63;6.00
1011602150001;PERLA ARROZ FINA 0.2;PAF2;UND;4.50;5.63;6.00
1011601940001;PERLA ARROZ FINA 0.4;PAF4;UND;3.75;4.69;6.00
1011602170001;PERLA ARROZ FINA 0.6;PAF6;UND;4.43;5.54;6
1011602210001;PERLA ARROZ FINA 0.7;PAF7;UND;6.30;7.88;6
1011601730001;PERLA ARROZ FINA 0.8;PAF8;UND;12.75;15.94;6
1011602220001;PERLA ARROZ FINA 0.9;PAF9;UND;14.85;18.57;6.00
1090531060002;PERLA FINA # 9 - # 10 - # 11;PERL10;UND;11.25;13.50;6.00
1020524150001;PERLA FINA PASTILLA # 10;PFP10;UND;13.50;16.88;6
1012524950001;PERLA JAPONESA # 10;PJAP10;UND;1.10;1.38;6.00
1012524960001;PERLA JAPONESA # 12;PJAP12;UND;1.25;1.57;6
1011600220001;PERLA JAPONESA # 14;PJAP14;UND;2.00;2.50;6
1011601270001;PERLA JAPONESA # 16;PJAP16;UND;3.42;4.11;6
1010529000001;PERLA JAPONESA 0.4;PJAP4;UND;0.50;0.63;6
1010529010001;PERLA JAPONESA 0.6;PJAP6;UND;0.60;0.75;6
1010529020001;PERLA JAPONESA 0.8;PJAP8;UND;0.75;0.94;6
1012501350001;PERLA JAPONESA ARRUGADA GOTA;PJAG;UND;1.70;1.79;6
1011600930001;PERLA NAT. HUEVO3/7 GD.;PAH3/7;UND;12.75;15.90;6
1011601340001;PERLA NATURAL COLOR;PNACO;UND;1.20;1.51;6
1012524040001;PERLA PLASTICA # 4;PERP4;UND;0.30;0.38;6
1012524050001;PERLA PLASTICA # 5;PERP5;UND;0.30;0.38;6
1011607040001;PERLA PLASTICA SARTA #  8;PPS8;UND;0.90;1.13;6
1011607050001;PERLA PLASTICA SARTA # 10;PPS10;UND;1.25;1.57;6
1011607060001;PERLA PLASTICA SARTA # 12;PPS12;UND;1.40;1.75;6
1011607070001;PERLA PLASTICA SARTA # 14;PPS14;UND;1.75;2.19;6
1011607800001;PERLA PLASTICA SARTA # 20;PPS20;UND;3.25;4.07;6
1011607620001;PERLA PLASTICA SARTA # 6;PPS6;UND;0.75;0.94;6
1011607740001;PERLA PLASTICA SARTA# 16;PPS16;UND;2.95;3.69;6
1012501250001;PERLA VELA HORIZONTAL ANCHA;PVHAN;UND;14.00;17.50;6
1011601930001;PERLA VELA NATURAL;PVNAT;UND;9.80;12.25;6
1012524920001;PERLA VELA RECTANGULO;PVREC;UND;14.00;17.50;6
1012500780001;PIED. NAT. TAMBOR 13X18 TI;PNT13TI;UND;6.90;8.28;6
1011600810001;PIED. NAT.V/M. TIRA;PNVMT;UND;5.00;6.00;6
1011601840001;PIED. O/GATO BOLA #14 TIR;POG14TI;UND;4.50;5.40;6
1012101190001;PIED.O/TIGRE RECT.GR TIR;POTRGT;UND;13.50;16.20;6
1012101200001;PIED.O/TIGRE RECT.MD TIR;POTRMT;UND;9.00;10.80;6
1012525280001;PIEDRA AGATA / JADE ARGOLLA;PAJA;UND;3.00;3.75;6
1012525380001;PIEDRA AGATA 6 BORDES 10x30;PA6B;UND;;0.80;6
1011603900001;PIEDRA AGATA 6 BORDES 10x30 TI;PA6B10T;UND;7.50;9.38;6
1021301030001;PIEDRA AGATA 6 BORDES PEQUEÑA;PA6BP;UND;7.50;9.38;6
1011604100001;PIEDRA AGATA ENTORCHADA;PAEN;UND;3.35;4.69;6
1011608000001;PIEDRA AGATA ENTORCHADA # 10;PAE10;UND;6.50;8.13;6
1011608020001;PIEDRA AGATA ENTORCHADA # 14;PAE14;UND;8.00;10.00;6
1011608010001;PIEDRA AGATA ENTORCHADA #12;PAE12;UND;7.00;8.75;6
1011608100001;PIEDRA AGATA FACETEADA BOLA # 08;PAFB8;UND;8.00;10.00;6
1011603740001;PIEDRA AGATA NAT. PASTILLA TIRA;PANPTI;UND;5.35;6.42;6
1021301020001;PIEDRA AGATA OVALO 10 x 30;PAO10;UND;7.50;9.38;6
1012510290001;PIEDRA AGATA ROMBO;PAROM;UND;7.00;8.82;6
1011603760001;PIEDRA AGATA ROMBO 20 X 32;PAR20;UND;4.50;5.63;6
1011603750001;PIEDRA AGATA ROMBO 35 X 35;PAR35;UND;5.50;6.88;6
1012525400001;PIEDRA AGATA ROMBO PLANO;PARP;UND;4.90;6.13;6
1012525170001;PIEDRA AGATA TUBO PEQUEÑO;PATPQ;UND;3.50;4.38;6
1016511000001;PIEDRA BOLA # 10;PIB10;UND;3.40;4.08;6
1011605890001;PIEDRA BOLA # 12;PIB12;UND;3.80;4.56;6
2590401270001;PIEDRA BOLA # 4;PIB04;UND;1.90;2.37;6
1012524060001;PIEDRA BOLA # 6;PIB06;UND;2.50;3.00;6
1010303160001;PIEDRA BOLA # 8;PIB08;UND;2.90;3.48;6
1011605580001;PIEDRA CONCHA CIRUELO GDE;PCCG;UND;1.95;2.44;6
1013523100001;PIEDRA CONCHA GRANDE;PICG;UND;0.65;0.82;6
1013523120001;PIEDRA CONCHA NACAR;PCNA;UND;0.50;0.63;6
1011600710001;PIEDRA CONCHA NATURAL;PCNAT;UND;0.65;0.78;6
101358321000;PIEDRA GRANDE TRANSPARENTE;PIGT;UND;5.00;6.25;6
1011607930001;PIEDRA MALAKITA BOLA # 10;PMB10;UND;6.50;8.13;6
1011607940001;PIEDRA MALAKITA BOLA # 12;PMB12;UND;8.00;10.00;6
1011607950001;PIEDRA MALAKITA BOLA # 14;PMB14;UND;9.50;11.88;6
1011608320001;PIEDRA MALAKITA BOLA #08;PMB08;UND;5.00;6.25;6
1011608640001;PIEDRA MATISTA;PIEA;UND;5.50;6.88;6
1011604420001;PIEDRA MATISTA BOLA # 04;PAB4;UND;4.00;5.00;6
1011601290001;PIEDRA MATISTA BOLA # 06;PAB6;UND;5.20;6.50;6
1011601300001;PIEDRA MATISTA BOLA # 08;PAB8;UND;6.50;8.13;6
1011601310001;PIEDRA MATISTA BOLA # 10;PAB10;UND;7.50;9.38;6
1011601320001;PIEDRA MATISTA BOLA # 12;PAB12;UND;8.50;10.63;6
1011608630001;PIEDRA MATISTA CORAZON;PIACO;UND;10.00;12.50;6
1011601860001;PIEDRA NAT.6BORDES 10X30TIRA;PN6B10TI;UND;13.00;15.60;6
1018571040001;PIEDRA NAT.BENTURINA 2H.GRAND T;PNB2HGT;UND;6.75;8.10;6
1011601220001;PIEDRA NAT.RECTANGULO GRANDE TI;PNRGTIR;UND;7.50;9.00;6
1011607990001;PIEDRA NATURAL # 08;PIN08;UND;5.00;6.25;6
1011608310001;PIEDRA NATURAL # 10;PIEN10;UND;6.50;8.13;6
1011530570001;PIEDRA NATURAL # 12;PIEN12;UND;7.00;8.75;6
1011607970001;PIEDRA NATURAL # 14;PIEN14;UND;7.50;9.38;6
1016500100001;PIEDRA NATURAL 6 BORDES 10 X 30;PN6B10;UND;;1.15;6
1011600620001;PIEDRA NATURAL BENTURINA 2 HUECOS GD.;PNB2HG;UND;;0.37;6
1011600610001;PIEDRA NATURAL BENTURINA 2 HUECOS PQ.;PNB2HP;UND;6.50;8.13;6
1011600600001;PIEDRA NATURAL BENTURINA BOLA #8;PNBB08;UND;3.50;4.38;6
1011600580001;PIEDRA NATURAL BENTURINA BOLA# 12;PNBB12;UND;4.80;6.00;6
1011600590001;PIEDRA NATURAL BENTURINA BOLA#10;PNBB10;UND;4.00;5.00;6
1011601560001;PIEDRA NATURAL BENTURINA TAMBOR 11x14;PINBTA;UND;3.90;4.88;6
1012525210001;PIEDRA NATURAL BOLA # 06;PINB06;UND;5.00;6.25;6
1012530960001;PIEDRA NATURAL BOLA # 08;PINB08;UND;5.50;6.88;6
1012525490001;PIEDRA NATURAL BOLA # 10;PINB10;UND;6.00;7.50;6
1012525500001;PIEDRA NATURAL BOLA # 12;PINB12;UND;6.50;8.13;6
1090531050001;PIEDRA NATURAL BOLA # 14TIRA;PNB14TIR;UND;7.00;8.40;6
1012525530001;PIEDRA NATURAL BOLA # 4;PINB04;UND;3.50;4.38;6
1012525550001;PIEDRA NATURAL BOLA CORTADA # 06;PNBC6;UND;5.00;6.25;6
1012530400001;PIEDRA NATURAL CILINDRO 11 X 14;PINC11;UND;3.90;4.88;6
1016500070002;PIEDRA NATURAL CILINDRO 11 X 14 C/BRILLO;PNC11C;UND;7.00;8.75;6
1018600020001;PIEDRA NATURAL CILINDRO 13X18 TIRA;PC13X18T;UND;6.90;8.28;6
1012501210001;PIEDRA NATURAL DIJE PASTILLA;PIENDP;UND;4.95;6.19;6
1011604170001;PIEDRA NATURAL DIJE TIRA;PINDITIR;UND;5.30;6.36;6
1012531130001;PIEDRA NATURAL GOTA 10 X 14;PNG10;UND;3.90;4.88;6
1011601210001;PIEDRA NATURAL GOTA 13X18 TIRA;PNG13TI;UND;4.95;5.94;6
1012531090001;PIEDRA NATURAL GOTA 7 X 9;PNG07;UND;3.00;3.78;6
1012521100001;PIEDRA NATURAL GOTA 9 X 12;PNG09;UND;3.80;4.75;6
1012525110001;PIEDRA NATURAL RECTANGULO;PNREC;UND;4.30;5.38;6
1012531070001;PIEDRA NATURAL TAMBOR 11 X 14;PINT11;UND;3.90;4.88;6
1012520990001;PIEDRA NATURAL VARIOS MODELOS;PIENVM;UND;0.50;0.63;6
;PIED. O/ GATO DIJE RECT. TIRA;POGDRT;UND;3.90;4.88;6
1012571090001;PIEDRA OJO DE GATO ATACHE;POGAX100;UND;6.00;7.20;6
1012521120001;PIEDRA OJO DE GATO BOLA # 10;POGB10;UND;2.50;3.15;6
1012521080001;PIEDRA OJO DE GATO BOLA # 12;POGB12;UND;3.25;4.06;6
1011601100001;PIEDRA OJO DE GATO BOLA # 14;POGB14;UND;0.22;0.28;6
1011601080001;PIEDRA OJO DE GATO BOLA # 6;POGB06;UND;1.20;1.51;6
1011601090001;PIEDRA OJO DE GATO BOLA # 8;POGB08;UND;1.60;2.02;6
1012525350001;PIEDRA OJO DE GATO CUADRADO;POGCUA;UND;2.50;3.13;6
1011601540001;PIEDRA OJO DE GATO DIAMANTE # 04;POGD04;UND;2.50;3.15;6
1011601490001;PIEDRA OJO DE GATO DIAMANTE # 06;POGD06;UND;2.75;3.44;6
1011601500001;PIEDRA OJO DE GATO DIAMANTE # 08;POGD08;UND;3.00;3.78;6
1011601510001;PIEDRA OJO DE GATO DIAMANTE # 10;POGD10;UND;3.60;4.50;6
1011601520001;PIEDRA OJO DE GATO DIAMANTE # 12;POGD12;UND;4.25;5.31;6
1011601110001;PIEDRA OJO DE GATO DIJE RECTANG./PQ;POGDRP;UND;2.75;3.44;6
1012525340001;PIEDRA OJO DE GATO ENTORCHADO;PIEOGE;UND;3.90;4.88;6
1012521110001;PIEDRA OJO DE GATO PASTILLA;PIEOGP;UND;2.50;3.13;6
1012530460001;PIEDRA OJO DE TIGRE BOLA # 06;POTB06;UND;4.50;5.62;6
1012530450001;PIEDRA OJO DE TIGRE BOLA # 08;POTB08;UND;5.50;6.88;6
1012530440001;PIEDRA OJO DE TIGRE BOLA # 10;POTB10;UND;7.50;9.38;6
1012530430001;PIEDRA OJO DE TIGRE BOLA # 12;POTB12;UND;9.50;11.88;6
1510201160001;PIEDRA OJO DE TIGRE BOLA # 14;POTB14;UND;10.00;12.50;6
1012571080001;PIEDRA OJO DE TIGRE BOLA #4;POTB04;UND;4.00;5.00;6
1011608630002;PIEDRA OJO DE TIGRE CORAZON #12;POTC12;UND;8.50;10.63;6
1090561010001;PIEDRA OJO DE TIGRE CUADRADO # 06;POTC06;UND;5.50;6.88;6
1012536440001;PIEDRA OJO DE TIGRE CUBO 10 x 10 x 10;POTC10;UND;7.00;8.75;6
1012536120001;PIEDRA OJO DE TIGRE OVALO 10 X 30;POTO10;UND;9.50;11.88;6
2511100220001;PIEDRA OJO DE TIGRE ROMBO 10 x 10;POTR10;UND;6.50;8.13;6
1016503020001;PIEDRA OJO DE TIGRE ROMBO 14 x 14;POTR14;UND;8.50;10.63;6
1011600090001;PIEDRA OJO DE TIGRE ROMBO 19 x 29;POTR19;UND;11.50;14.38;6
1015526190001;PIEDRA OJO DE TIGRE ROMBO 25 x 35;POTR25;UND;13.50;16.88;6
1011608450001;PIEDRA OJO DE TIGRE TUBO;PIDOTT;UND;5.50;6.88;6
1012101230001;PIEDRA OJO DE TIGRE TUBO PEQ.;PIOTTP;UND;4.50;5.63;6
1010303160002;PIEDRA VARIOS MODELOS ONIX;PIEVMO;UND;5.00;6.25;6
1011602380001;PIEDRA VITRO FUSION BOLA # 10;PIVB10;UND;4.50;5.63;6
1012525420001;PIEDRA VITRO FUSION BOLA # 12;PIVB12;UND;4.50;5.63;6
1012525360001;PIEDRA VITRO FUSION TUBO 10x10;PIVT10;UND;4.50;5.63;6
1011600100001;PIEDRA VITRO-FUSION BOLA # 10 NUEVA;PVB10N;UND;4.90;5.88;6
1011607600001;PINZ.  PARA HUECO GRANDE;PPHG;UND;4.50;5.63;6
1011600500001;PINZA ALICATE;PINZALI;UND;1.25;1.57;6
1011603910001;PINZA DE BISUTERIA FINA;PINZBFI;UND;0.60;0.76;6
1090550080001;PINZA FINA PUNTA PLANA;PINFPP;UND;1.25;1.50;6
1090550070001;PINZA FINA PUNTA REDONDA;PINFPR;UND;1.25;1.57;6
1090550020001;PINZA MULTIUSO;PINMUL;UND;2.50;3.00;6
1011606570001;PINZA PARA ELASTICO;PINZAE;UND;0.25;0.31;6
1011606360001;PINZA PARA HACER HUECOS;PPHH;UND;3.50;4.20;6
1090550060001;PINZA PUNTA PLANA;PINPPL;UND;1.40;1.75;6
1090550000001;PINZA PUNTA REDONDA;PINPR;UND;1.68;2.10;6
1010522220001;PULS.DIAMT DE BRASIL BOLA/PLANCHA x 12;PDBBPX12;UND;3.50;4.38;6
1011602050001;PULSERA AGATA;PULSAG;UND;3.90;4.88;6
1012536370001;PULSERA CONCHA NATURAL;PULCN;UND;1.25;1.50;6
1010522190001;PULSERA DIAMANTE DE BRASIL TUBO x 12;PDBTX12;UND;1.30;1.56;6
1011608720002;PULSERA GOTA TAGUA;PULGTA;UND;1.20;1.50;6
1011603240001;PULSERA MADERA CON PLACA LARGA;PMPL;UND;0.78;0.98;6.00
1011603230001;PULSERA PEPA MADERA;PPM;UND;0.42;0.44;6
1011601990001;PULSERA PEQUEÑA DE COCO;PPC;UND;0.70;0.84;6
1016500870001;RANDELA # 14;RAND14;UND;8.25;10.31;6
2590401060001;RANDELAS - BOLA # 10;RAND10;UND;5.75;7.19;6
2590401050001;RANDELAS - BOLA # 8;RBBO08;UND;5.25;6.56;6
101160787001;RANDELAS - ROMBO - BOLA # 04;RRBO04;UND;3.25;4.06;6
2010200290001;RANDELAS - ROMBO- BOLA # 6;RRBO06;UND;4.75;5.94;6
101160788001;RANDELAS # 12;RAND12;UND;6.05;7.57;6.00
1011609090001;REATA x ROLLO;REATXR;UND;9.60;12.00;6
1011601050001;RECORTE TAGUA;RECTAG;UND;0.08;0.10;6
2510401010001;RELOJ PARA PULSERA Y COLLAR;RPUYCO;UND;2.90;3.63;6
1011608960001;REVISTA # 11;REVI11;UND;2.00;2.40;6
1011605650001;REVISTA #7;REVI07;UND;2.10;2.63;6.00
1010522050001;REVISTA ( 5 - 6 - 8-9-10;R56891;UND;1.75;2.19;6
1090700010001;REVISTA DE BISUTERIA 2-3-4;REVI23;UND;1.50;1.88;6.00
1012501110001;ROLLO ALAMBRE DE JOYERIA/GDE;RALJG;UND;1.50;1.89;6
1012526250001;ROLLO ALAMBRE JOYERIA PEQ/;RALJP;UND;0.50;0.60;6
1011601240001;ROLLO CORDON DE SEDA;ROLLCS;UND;5.50;5.50;6
1017510010001;ROLLO DE ALAMBRE / GUAYA;ROALGU;UND;1.50;1.88;6
1012510020001;ROLLO HILO PLATEADO/DORADO PEQ/;RHP/DP;UND;0.50;0.60;6
1012536230001;ROLLO NAYLON ELASTICO;RN/ELAS;UND;9.50;11.40;6
101160830001;SEP. DIAMANTE TUBO-CILINDRO 3X10;SEDTC3;UND;0.85;1.07;6
1011608140001;SEP.DMANTE TUBO-CILINDRO 2X10;SEDTC1;UND;0.75;0.94;6
1011608290001;SEPARADOR  BOLA # 14 HUECO GRANDE;SB14HG;UND;0.40;0.50;6
2410412210001;SEPARADOR 2 HUECOS CON DIAMANTE;SE2HCD;UND;0.35;0.44;6
1011608820001;SEPARADOR BOLA # 10 CON DIAMANTE;SB10HD;UND;0.90;1.13;6
1011604540001;SEPARADOR CILINDRO 10 X 15;SECI10;UND;0.50;0.63;6
1011604230001;SEPARADOR CON ATACHE.;SEPCAT;UND;0.20;0.25;6
1016500440001;SEPARADOR CON DIAMANTE EN MEDIO # 10;SDEM10;UND;0.30;0.38;6
1012531140001;SEPARADOR CON DIAMANTE EN MEDIO # 12;SDEM12;UND;0.35;0.45;6
1011604160001;SEPARADOR CON DIAMANTE EN MEDIO # 8;SDEM08;UND;0.27;0.34;6
1012500750001;SEPARADOR DIAMANTE 3 HUECOS FINO;SED3HF;UND;0.35;0.44;6
1011603870001;SEPARADOR DIAMANTE 5 HUECOS;SEP5H;UND;0.45;0.57;6
1011606400001;SEPARADOR DIAMANTE ANILLO;SEPDAN;UND;0.95;1.19;6
1016500580001;SEPARADOR DIAMANTE BOLA # 12;SEDB12;UND;0.65;0.82;6
1011600300001;SEPARADOR DIAMANTE BOLA # 14;SEDB14;UND;0.90;1.13;6
1011604300001;SEPARADOR DIAMANTE BOLA # 16;SEDB16;UND;1.10;1.38;6
1011608260001;SEPARADOR DIAMANTE BOLA # 16-18;SEDB1618;UND;1.20;1.50;6
1011608280001;SEPARADOR DIAMANTE BOLA # 18 NUEVA;SDB18N;UND;3.00;3.75;6
1011607920001;SEPARADOR DIAMANTE BOLA # 6;SEDB06;UND;0.40;0.50;6
1012510170001;SEPARADOR DIAMANTE BOLA # 8;SEDB08;UND;0.45;0.57;6
1016500360001;SEPARADOR DIAMANTE BOLA #10;SEDB10;UND;0.55;0.69;6
1011608880001;SEPARADOR DIAMANTE BOLA 4 X 9;SDB4X9;UND;0.80;1.00;6
1011608830001;SEPARADOR DIAMANTE CILINDRO 7 X 10;SDC7X1;UND;1.50;1.88;6
1011608220001;SEPARADOR DIAMANTE CUBO 2X2;SDC2X2;UND;0.85;1.07;6
1011608210001;SEPARADOR DIAMANTE CUBO 2X2X1;SDC2X1;UND;0.75;0.94;6
1011608230001;SEPARADOR DIAMANTE CUBO 3X3;SDC3X3;UND;1.85;2.31;6
1011606390001;SEPARADOR DIAMANTE HOJA;SEPDHO;UND;0.55;0.69;6
1011606380001;SEPARADOR DIAMANTE OVALO GDE.;SEDOGR;UND;0.60;0.75;6
1011608270001;SEPARADOR DIAMANTE RECT. 2X2X3;SDR2X23;UND;2.50;3.13;6
1011608200001;SEPARADOR DIAMANTE TUBO # 05;SEDT05;UND;1.25;1.57;6
1011608150001;SEPARADOR DIAMANTE TUBO 4X10;SDT4X1;UND;1.00;1.25;6
1011608180001;SEPARADOR DIAMANTE TUBO 5X10;SDT5X1;UND;1.35;1.69;6
1011608160001;SEPARADOR DIAMANTE TUBO 6X10;SDT6X1;UND;1.75;2.19;6
1011608170001;SEPARADOR DIAMANTE TUBO 6X8;SDT6X8;UND;1.50;1.88;6
1011604520001;SEPARADOR FLOR CON DIAMANTE GDE.;SFCDGR;UND;0.45;0.57;6
1011604530001;SEPARADOR FLOR CON DIAMANTE PEQ.;SFCDPQ;UND;0.30;0.38;6
1011608190001;SEPARADR DIAMANTE TUBO # 14;SDT14;UND;2.50;3.13;6
1011605800001;SILICON LIQUIDO;SLIQUI;UND;0.45;0.57;6.00
1011601190002;SILICON LIQUIDO x 100g;SLIQX100;UND;0.95;1.19;6.00
1011607100001;SOBRE PARA ARETE MEDIANO;SARTM;UND;1.95;2.44;6
1011607090001;SOBRE PARA ARETE PEQUEÑO;SARTP;UND;1.40;1.75;6
1011604390001;SOBRE PARA COLLAR LARGO;SARTL;UND;2.80;3.36;6
1011607130001;SOBRE PARA COLLAR MEDIANO;SARTCM;UND;4.50;5.63;6
1090551010001;SOBRES PARA ARETE;SOB/A;UND;1.88;2.26;6
1090551000001;SOBRES PARA COLLAR;SOB/C;UND;6.88;6.88;6
1011600180001;SOBRES PARA PULSERA;SOB/P;UND;2.75;3.30;6
1090610010001;SUJETADOR DE DIJE  Y CADENA;SDIYCA;UND;0.75;0.94;6
1012521090001;SUJETADOR DE DIJE FINO;SUDIJE;UND;0.55;0.68;6
1016500750001;SUJETADOR DE DIJE PEGABLE;SDIJPE;UND;0.09;0.12;6
;TAJADITAS;TAJTAG;UND;0.12;0.16;6
1016500720002;TAPA ARETE BARRIL FDA/GDE;TABF;UND;12.50;15.00;6
1016500610002;TAPA ARETE PLASTICO FDA/GDE;TAPLASF;UND;2.00;2.40;6
2511201120001;TIJERA # 3;TIJER3;UND;2.25;2.82;6
2590403010001;TIJERA # 4;TIJER4;UND;1.25;1.57;6
1011606370001;TIJERA # 5;TIJER5;UND;1.00;1.25;6
1011600510001;TIJERA CORTA ALAMBRE;TCALA;UND;1.00;1.25;6
2510401040001;TIJERA DORADA;TCDOR;UND;4.50;5.63;6
1011606250001;TIRA  CONCHA CIRUELO 1.0 x 1.0;TCC1.0X1;UND;0.95;1.14;6.00
1011606260001;TIRA CIRUELO RECTANGULAR 1.5 x 2.0;TCR1.5X2;UND;1.65;2.07;6
1011604490001;TIRA CONCHA 10 X 30 MED.;TC10X3M;UND;1.50;1.88;6
1011604480001;TIRA CONCHA 15 x 30 GDE.;TC15X3G;UND;1.70;2.13;6
1011604500001;TIRA CONCHA 8 X 17 PEQ.;TC8X17P;UND;1.30;1.63;6
1015100830001;TIRA CONCHA NATURAL COLOR;TCNC;UND;0.95;1.20;6
1011608920001;TIRA CUERO DOBLE;TCD;UND;1.50;1.87;6
1015100890002;TIRA CUERO ENTRENSADA PEQ.;TCENP;UND;0.95;1.19;6
1011609080001;TIRA DE CUERO EXPANDIBLE x ROLLO;TCEXR;UND;9.60;12.00;6
1011609070001;TIRA DE CUERO x ROLLO GDE;TCXRG;UND;9.60;12.00;6
1011608350001;TIRA MEDIANA PARA CINTURON;TMEDCI;UND;1.65;2.06;6
1011607280001;TIRA PARA CINTURON;TICINTU;UND;0.95;1.19;6
1016500110002;TIRA PARA CINTURON ANCHA;TCINAN;UND;2.70;3.38;6
1011606280001;TIRA PIEDRA GRANDE AMATISTA;PIGA;UND;3.50;4.38;6
1011608370001;TIRA PLASTICA # 1;TIRAP1;UND;1.00;1.25;6
1011608380001;TIRA PLASTICA # 2;TIRAP2;UND;1.80;2.25;6
1011608390001;TIRA PLASTICA # 4;TIRAP4;UND;2.00;2.50;6
1011608400001;TIRA PLASTICA # 5;TIRAP5;UND;0.50;0.63;6
1016500850002;TIRA PLASTICA ANCHA;TPLASA;UND;1.20;1.50;6
1011608890001;TIRA PLASTICA DOBLE  ANCHO;TPDANC;UND;2.80;3.50;6
1012525200001;TIRA PLASTICA DOBLE  ANCHO ROLLO;TPDAXRO;UND;25.20;30.24;6
1011608340001;TIRA PLASTICA PARA APLICAR ATACHE;TPAATA;UND;0.50;0.63;6
1011608360001;TIRA PLASTICA V/MODELOS;TIRAPV;UND;1.50;1.88;6
1017510160001;TIRAS DE CUERO;TICUE;UND;1.08;1.30;6
1017510160002;TIRAS DE CUERO x ROLLO PEQ.;TCURXRP;UND;4.50;5.63;6
1011608980001;TIRAS DE GIPIUR;TIRAGY;UND;1.30;1.63;6
2011200260001;TIRAS DE GIPIUR MEDIANA;TIRGYM;UND;0.95;1.19;6
1090610220001;TIRAS DE GIPIUR PEQUEÑA;TIRGYP;UND;0.65;0.81;6
1011608120001;TUBO DIAMANTE TRICOLOR-BLANCO;TDTB;UND;2.00;2.50;6
1012101170001;TUBO TAGUA 22 x 20;XXXXXXX;UND;0.38;0.38;6
1012101180001;TUBO TAGUA 30 x 20;XXXXXXX;UND;0.47;0.47;6
1016511120002;UNION DE CADENA BOLA 1.5 mm FDA/GDE;UCB1.5F;UND;4.00;4.80;6
1011601970001;UNION DE CADENA BOLA FINA 1.5;UCBF1.5;UND;1.80;2.16;6
1011602090001;UNION DE CADENA BOLA FINA 2.4;UCBF2.4;UND;1.90;2.40;6
1011601970002;UNION DE CADENA BOLA FINA 3.2;UCBF3.2;UND;2.30;2.30;6
1011605390001;UNION DE CADENA C R 4.0;UCCR4.0;UND;3.00;0.30;6
1011602020001;UNION DE CADENA FINA;UCF;UND;2.00;2.00;6
;UNION DE CADENA SYB1.9 FG;UCSYB1.9F;UND;1.00;1.20;6
;UNION DE CADENA SYB 2.4 FG;UCSYB2.4;UND;1.50;1.80;6
;UNION DE CADENA SYB 3.2 FG;UCSYB3.2F;UND;1.65;1.98;6
1015100890001;VINCHAS JIN TAI;VINCHAS;UND;6.00;6.30;6
1011607190001;CORTA HILACHAS;CORTH;UND;0.50;0.63;12
1017510080001;CADENA BOLA 1.5;CAB1.5;UND;0.50;0.63;100
1011607770001;CADENA  Y1455;CY1455;UND;0.95;1.19;100M
1012100910001;CADENA A/30;CA/30;UND;0.73;0.92;100M
1016503510001;CADENA B 1.5 X 3.0;CAB1.5X3;UND;0.80;1.00;100M
1011604770001;CADENA B 3.2 x 6.4;CAB3.2X6;UND;1.20;1.50;100M
1012500710001;CADENA B2.4 x 4.8;CAB2.4X4;UND;0.95;1.19;100M
1017510220001;CADENA BOLA 1.5 BRONCE;CAB1.5B;UND;0.54;0.68;100M
1017510180001;CADENA BOLA 2.0;CAB2.0;UND;0.66;0.83;100M
1017510190001;CADENA BOLA 2.0 BRONCE;CAB2.0B;UND;0.72;0.90;100M
1015200590001;CADENA BOLA FINA 1.5 X 3.0;CBF1.5X3;UND;0.85;1.06;100M
1011605260001;CADENA CR 2.4;CACR2.4;UND;0.65;0.81;100M
1011605250001;CADENA CR 4.0;CACR4.0;UND;1.00;1.25;100M
1012100920001;CADENA GRUESA;CADGRU;UND;1.13;1.42;100M
1011607400001;CADENA K 1233;CK1233;UND;1.30;1.56;100M
1011605170001;CADENA K 1621 DIAMANTADA;CAK1621D;UND;0.75;0.90;100M
1011608040001;CADENA K 1721;CK1721;UND;1.35;1.62;100M
1011608520001;CADENA K1032;CK1032;UND;1.70;2.04;100M
1011609020001;CADENA K1046;CK1046;UND;1.75;2.19;100M
1011609000001;CADENA K1047;CK1047;UND;4.25;5.31;100M
1011608540001;CADENA K10615;CK10615;UND;5.25;6.30;100M
1011608510001;CADENA K10619;CK10619;UND;4.20;5.04;100M
1012501270001;CADENA K12306;CK12306;UND;1.90;2.38;100M
1010530120002;CADENA K13;CADK13;UND;0.88;1.10;100M
1011608990001;CADENA K13301;CK13301;UND;2.85;3.57;100M
1011608530001;CADENA K13608;CK13608;UND;2.25;2.70;100M
1011601390001;CADENA K14;CADK14;UND;0.65;0.82;100M
1011608050001;CADENA K1426;CK1426;UND;2.55;3.06;100M
1011608970001;CADENA K1466;CK1466;UND;3.75;4.69;100M
1011600130001;CADENA K15;CADK15;UND;0.58;0.73;100M
1011605140001;CADENA K1524;CK1524;UND;1.00;1.25;100M
1018530210001;CADENA K16;CADK16;UND;0.65;0.82;100M
1011605160001;CADENA K1620;CAK1620;UND;0.75;0.90;100M
1010530110001;CADENA K1622;CAK1622;UND;0.68;0.85;100M
1011600140001;CADENA K17;CADK17;UND;0.60;0.75;100M
1011600720001;CADENA K18;CADK18;UND;0.35;0.44;100M
1017510260001;CADENA K18 DOBLE;CK18D;UND;1.38;1.80;100M
1011605180001;CADENA K1809;CAK1809;UND;0.60;0.72;100M
1011601380001;CADENA K19;CAK19;UND;1.10;1.38;100M
1011601370001;CADENA K75;CAK75;UND;0.62;0.81;100M
1011607720001;CADENA K819;CK1819;UND;4.50;5.40;100M
1011608500001;CADENA K826;CK826;UND;5.25;6.30;100M
1011608490001;CADENA K846;CAK846;UND;6.50;7.80;100M
1012100930001;CADENA L19;CADL19;UND;0.30;0.38;100M
1011607750001;CADENA O 100 mt;CADO100;UND;0.15;0.21;100M
1012525040001;CADENA O FINA X100 M;COFX100;UND;35.00;42.00;100M
1011600690001;CADENA PLANA FINA;CAPLAFI;UND;0.15;0.20;100M
1017510290001;CADENA PLANA GRUESA;CAPLAGR;UND;0.19;0.24;100M
1011605270001;CADENA RN 3.2;CARN3.2;UND;1.00;1.20;100M
1011605210001;CADENA SYB 1.9;CSYB1.9;UND;1.90;2.28;100M
1011605220001;CADENA SYB 2.4;CSYB2.4;UND;2.00;2.40;100M
1011605230001;CADENA SYB 3.2;CSYB3.2;UND;2.20;2.64;100M
1011605240001;CADENA TM 1.9;CDTM1.9;UND;0.60;0.72;100M
1011600150001;CADENA W19;CW19;UND;0.62;0.80;100M
1011607300001;CADENA Y 1419;CY1419;UND;0.85;1.07;100M
1011607310001;CADENA Y 1631;CY1631;UND;1.60;2.00;100M
1011607330001;CADENA Y 1739;CY1739;UND;1.30;1.63;100M
1011607320001;CADENA Y 1926;CY1926;UND;1.40;1.75;100M
1011605200001;CADENA Y1737;CY1737;UND;0.85;1.02;100M
1015101130001;CADENA Y1738;CY1738;UND;1.20;1.44;100M
1011604400001;CADENA Y-1818;CY18-18;UND;0.75;0.94;100M
1011606110001;CADENA Y1829;CY1829;UND;0.85;1.08;100M
1011604410001;CADENA Y-1906;CY1906;UND;0.75;0.94;100M
1011605190001;CADENA Y1925;CY1925;UND;0.85;1.02;100M
1012536130001;HILO CUERO METALIZADO;HILCM;UND;0.14;0.18;100M
1017510050001;HILO CUERO TRENSADO;HILCTR;UND;0.18;0.23;100m
1011604640001;HILO CUERO TRENSADO CON BRILLO;HILCTB;UND;0.23;0.29;100M
1011609120001;HILO CUERO TRENSADO DOBLE;HILCTD;UND;0.33;0.41;100M
1011603220001;HILO CUERO TRENSADO PLANO;HILCTP;UND;0.27;0.34;100M
1017510250001;CADENA COBRE / BRONCE;CACBR;UND;0.12;0.15;60M
1017510270001;CADENA O;CADO;UND;0.15;0.21;60M
1017510090001;CADENA T21;CADT21;UND;0.10;0.14;60M
1011606620001;APLIQUE x METRO;APLIXM;UND;1.50;1.90;6M
1011608620001;CHAQUIRA X METRO;CHAXM;UND;0.10;0.13;6M
