1015526190001; AGUJA;87; Q001  ;0.36;0.36;0;0;AAAA
1016500250001; ASAS DE ARETE COBRE/BRONCE;278; Q001  ;0.66;0.66;0;0;AACB
1010530080001; ALAMBRE DE ACERO FDA PEQ;16; Q001  ;1.56;1.56;0;0;AACP
1015526170001; ARGOLLA DE ACERO;124; Q001  ;2.72;2.72;0;0;AACR
1011604710001; ARGOLLA ALUMINIO ENTORCHADA 1.8 x 15;158; Q001  ;1.53;1.53;0;0;AAE1
101160470001; ARGOLLA ALUMINO ENTORCHADA 1.8 x 20;205; Q001  ;1.84;1.84;0;0;AAE18
1016303180002; ARGOLLA ALUMINIO ENTORCHADA 2.0 X 2.1;7; Q001  ;4.5;4.73;0;0;AAE2
1016604720001; ARGOLLA ALUMINIO ENTORCHADA 3.0 x 31;49; Q001  ;0.67;0.67;0;0;AAE3
1015101370001; ALAMBRE ALPACA FDA PEQ;3; Q001  ;1.56;1.56;0;0;AAFP
1012580050001; AGUJA DE ARETE PLANA FINA;87; Q001  ;3.06;3.06;0;0;AAPF
1016501100001; AGUJA DE ARETE PLANA GRANDE;1; Q001  ;1.25;1.25;0;0;AAPG
1016501110001; AGUJA DE ARETE PLANA PEQUEÑA;29; Q001  ;1.25;1.25;0;0;AAPP
1016501120001; AGUJA DE ARETE REDONDA GRANDE;649; Q001  ;1.55;1.55;0;0;AARG
1016501140001; AGUJA DE ARETE REDONDA PEQUEÑA;704; Q001  ;1.38;1.38;0;0;AARP
1016500200001; ASAS DE ARETE;692; Q001  ;0.5;0.5;0;0;AART
1515101820001; ANILLO PARA BASE ATACHE;19; Q001  ;0.24;0.24;0;0;ABAT
1016503040001; APLIQUE BOTON DE TELA;153; Q001  ;0.56;0.56;0;0;ABTL
1016500970002; APLIQUE BOTON DE TELA PEQUEÑA;79; Q001  ;0.23;0.23;0;0;ABTLP
1016500970001; APLIQUE  BOTON DE TELA MEDIANO;56; Q001  ;0.44;0.44;0;0;ABTM
1012536140001; ASA CERRADAS;3953; Q001  ;0.5;0.5;0;0;ACERR
1012524900001; ASA CERRADA FINA x PAR;2314; Q001  ;0.5;0.5;0;0;ACFP
1012558010001; AGUJA PARA CHAQUIRA PEQUENA;62; Q001  ;1.05;1.05;0;0;ACHP
1016500610002; APLIQUE CARA DE MUÑEQUITAS;28; Q001  ;0.87;0.87;0;0;ACMN
1090610230001; ASAS CERRADAS X DOCENAS;534; Q001  ;1.47;1.47;0.44;0.44;ACX12
3010800100001; ARETE CAJA X 3;44; Q001  ;8.93;8.93;0;0;ACX3
1012536100001; ARGOLLA DIAMANTE # 08;418; Q001  ;0.66;0.66;0;0;AD08
1015200170001; ARGOLLA DIAMANTE # 15;484; Q001  ;1.43;1.43;0;0;AD15
1016558000001; AGUJA P/ENSARTAR CHAQUIRA /50;781; Q001  ;0.16;0.16;0;0;AECH
1016500990001; ALFILER 2 HUECOS 1 - 2;77; Q001  ;0.46;0.46;0;0;AEN2
1016600220002; ARETE FINO CON BRILLO;48; Q001  ;2.68;2.68;0;0;AFCB
1015100850001; APLIQUE FLORES GRANDE;121; Q001  ;6.56;6.56;0;0;AFGR
1012100410001; ARETES FINOS;110; Q001  ;5.36;5.36;0;0;AFINOS
1090610020001; ARREGLO FLORAL;1; Q001  ;44.64;44.64;44.64;44.64;AFLOR
1017580010002; APLIQUE FLOR PEQUEÑA PAQ X 20;440; Q001  ;4.38;4.38;0;0;AFPE20
1015100880001; ARGOLLA FINA T 7100;136; Q001  ;0.77;0.77;0;0;AFT10
1510101670001; ARGOLLA FINA T 1380;296; Q001  ;0.33;0.33;0;0;AFT13
1510101660001; ARGOLLA FINA T 1666;116; Q001  ;0.88;0.88;0;0;AFT16
1015100820001; ARGOLLA FINA T 1667;211; Q001  ;0.77;0.77;0;0;AFT67
1515101960001; ARGOLLA FINA T 1668;138; Q001  ;0.88;0.88;0;0;AFT68
1015100890001; ARGOLLA FINA T 6071;438; Q001  ;0.44;0.44;0;0;AFT71
1016600220001; ARGOLLA ALUMINIO K102;207; Q001  ;1.22;1.22;0;0;AK102
1016500650001; ARGOLLA ALUMINIO K104;368; Q001  ;0.86;0.86;0;0;AK104
1016303180001; ARGOLLA ALUMINIO K105;889; Q001  ;0.56;0.56;0;0;AK105
1016600210001; ARGOLLA ALUMINIO K 107;159; Q001  ;0.5;0.5;0;0;AK107
1016501000001; ALFILER 2 HUECOS 3 - 4;41; Q001  ;0.46;0.46;0;0;ALF3
1016501010001; ALFILER 2 HUECOS 5 - 6;4; Q001  ;0.66;0.66;0;0;ALF6
1011600250001; ARGOLLA LLAVERO 0.25 x 50;40; Q001  ;0.4;0.47;0;0;ALL025
1011600260001; ARGOLLA LLAVERO 0.30 x 50;78; Q001  ;3.71;3.71;0;0;ALL030
1011600270001; ARGOLLA LLAVERO 0.30 PLANA x 25;91; Q001  ;1.05;1.05;0;0;ALLPL
1017580020001; ALAMBRE MEMORIA ANILLO;4; Q001  ;0.87;0.87;0;0;ALMA
1017580040001; ALAMBRE MEMORIA COLLAR;15; Q001  ;0.87;0.87;0;0;ALMC
1017580010001; ALAMBRE MEMORIA PULSERA;1; Q001  ;0.98;0.98;0;0;ALMP
1016500900001; ALPACA KG;583; Q001  ;1.56;1.56;0;0;ALPK
1017580030001; ALAMBRE MEMORIA ARETE;0; Q001  ;0.87;0.87;0;0;AMAA
1510103570001; ANILLO AGATA FACETEADO;188; Q001  ;0.84;0.84;0;0;ANAF
1510101350001; ANILLO AGATA;86; Q001  ;0.74;0.74;0;0;ANAG
1010100110001; ANILLOS CON ARETES;54; Q001  ;0;0.1;0;0;ANCA
1016604730001; ANILLOS CONFECCIONADOS;60; Q001  ;1.42;1.42;0;0;ANCON
1011605590001; ANTURIO X 5 TALLO LARGO;54; Q001  ;4.68;4.68;0;0;ANTL5
1510101270001; ANILLO PIEDRA AMATISTA;13; Q001  ;10.94;10.94;0;0;APAM
1013524060001; APLIQUE CON PEPA CRISTAL;124; Q001  ;7.13;7.13;0;0;APCRIS
1011800100001; ARETE PERLA FINA;108; Q001  ;3;3;0;0;APFIN
1015100870001; ASAS  DE PLATA;482; Q001  ;1;1;0;0;APLA
1016500460001; APLIQUE CON LENTEJUELA MEDIANA;92; Q001  ;1.21;1.21;0;0;APLEM
1016500670001; APLIQUE CON LENTEJUELA;85; Q001  ;1.31;1.31;0;0;APLEN
1015536190001; APLIQUE;528.1; Q001  ;3.29;3.29;0;0;APLI
1513101750001; APLIQUE # 1;24; Q001  ;0.45;0.45;0;0;APLI1
1016500960002; APLIQUE # 10;23; Q001  ;2.2;2.2;0;0;APLI10
1513102100001; APLIQUE # 2;57; Q001  ;0.5;0.5;0;0;APLI2
1514102620001; APLIQUE # 3;12; Q001  ;0.8;0.8;0;0;APLI3
2511400520001; APLIQUE # 4;59; Q001  ;0.89;0.89;0;0;APLI4
1016511120002; APLIQUE # 5;32; Q001  ;0.95;0.95;0;0;APLI5
1016520110001; APLIQUE # 6;12; Q001  ;1;1;0;0;APLI6
1016510290001; APLIQUE # 7;45; Q001  ;1.1;1.1;0;0;APLI7
1016524130002; APLIQUE # 8;37; Q001  ;1.5;1.5;0;0;APLI8
1016524210001; APLIQUE # 9;2.6667; Q001  ;1.8;1.8;0;0;APLI9
1016600230002; ARGOLLA ALUMINIO 30 x 26;184; Q001  ;0;0.56;0;0;ARA30
1016600230001; ARGOLLA ALUMINIO 3.0 x 3.1;209; Q001  ;0.67;0.67;0;0;ARAL3
1510100250001; ARGOLLA 0.5 COBRE/BRONCE;120; Q001  ;0.48;0.48;0;0;ARCB
1016500310001; ARGOLLA 0.5;820; Q001  ;0.48;0.48;0;0;ARG05
1016500640001; ARGOLLA 3.5 mm;322; Q001  ;0.54;0.54;0;0;ARG3
1016500270001; ARGOLLA 0.5 NEGRA;38; Q001  ;0.41;0.41;0;0;ARGN
1016500920002; APLIQUE ROSA - LAZO;79; Q001  ;0.44;0.44;0;0;ARLZ
1016500550002; APLIQUE ROSA HORGANZA;119; Q001  ;0.88;0.88;0;0;AROR
1016500590002; APLIQUES SENCILLOS;27; Q001  ;0.67;0.67;0;0;ASEN
1010531010001; ATACHES;2342; Q001  ;0.77;0.77;0;0;ATCH
1590103830001; ATACHES PEGABLES;640; Q001  ;0;1.4;0;0;ATCHP
1025400110001; AZALEA X 9 TALLO LARGO;0; Q001  ;0;3.48;0;0;AZATL
1011606960001; BASE ANILLO CON ARGOLLA;889; Q001  ;0.77;0.77;0;0;BAAR
3010800010001; BASE ANILLO CON MAYA;51; Q001  ;0.77;0.77;0;0;BAMA
1012101200001; BROCHE GRANDE CON DIAMANTE;148; Q001  ;1.43;1.43;0;0;BGDI
2512200950001; BROCHE GANCHO FINO;1069; Q001  ;0.57;0.57;0;0;BGFIN
1016500040001; BROCHE GANCHO GRANDE;258; Q001  ;1.35;1.35;0;0;BGGR
1016500030001; BROCHE GANCHO MEDIANO;287; Q001  ;0.97;0.97;0;0;BGME
1016500280001; BROCHE GANCHO PEQUEÑO;-2574; Q001  ;0.77;0.77;0;0;BGPE
1510200110001; BOLAS GRANDES DE TAGUA;207; Q001  ;0.27;0.27;0;0;BGTAG
1011601590001; BROCHE MAZI 1.0;180; Q001  ;1.58;1.58;0;0;BMAZ0
1011601610001; BROCHE MAZI 1.4;38; Q001  ;0.95;0.95;0;0;BMAZ1
106500060001; BROCHE MAZI 0.6;319; Q001  ;1.05;1.05;0;0;BMAZI
1012303170001; BOLA METALICA FINA # 06;515; Q001  ;0.17;0.17;0;0;BMF06
1012525130001; BOLA METALICA FINA # 08;265; Q001  ;0.26;0.26;0;0;BMF08
1012521090001; BOLA METALICA FINA # 10;224; Q001  ;0.31;0.31;0;0;BMF10
1012521010001; BOLA METALICA FINA # 12;245; Q001  ;0;0.41;0;0.64;BMF12
1510100150001; BROCHE MAGNETICO PASTILLA;106; Q001  ;0.44;0.44;0;0;BMPA
1016500840001; BOLA METALICA # 2;157; Q001  ;1.18;1.18;0;0;BOLM2
1016500800001; BOLA METALICA # 4;304; Q001  ;0.93;0.93;0;0;BOLM4
1016500810001; BOLA METALICA # 6;213; Q001  ;1.05;1.05;0;0;BOLM6
1016500820001; BOLA METALICA # 8;140; Q001  ;1.2;1.2;0;0;BOLM8
2410412210001; BOLA METALICA VARIOS MODELOS;240; Q001  ;1.25;1.25;0;0;BOMVM
1017510240001; BOTE INFLABLE;99; Q001  ;245.54;245.54;0;0;BOTE
1510100600001; BOTONES X DOC;275; Q001  ;0.54;0.54;0;0;BOXD
1015100860001; BASE PARA ARETE;41; Q001  ;2.32;2.32;0;0;BPAR
1017510280001; BROCHE CONCHA GRANDE;30; Q001  ;14.88;14.88;0;0;BRCG
2590401050001; BROCHE CONCHA MEDIANO;71; Q001  ;8.32;8.32;0;0;BRCM
1015506150001; BROCHE CONCHA PEQUEÑO;70; Q001  ;5.47;5.47;0;0;BRCP
1015527230001;" BROCHE DIAMANTE ""A""";596; Q001  ;1.1;1.1;0;0;BRDA
1590101850001; BROCHE GANCHO BRONCE MED.;35; Q001  ;1.48;1.48;0;0;BRGM
1016500050001; BROCHE GANCHO BRONCE PEQ;14; Q001  ;0;1.32;0;0;BRGP
2590401260001; BROCHE IMAN EXTRA GRANDE;74; Q001  ;1.87;1.87;0;0;BRIEX
1012101140001; BROCHE FINO;1038; Q001  ;1;1;0;0;BROF
1016500070001; BROCHE GAFETE;234; Q001  ;1;1;0;0;BROG
2590401060001; BROCHE PASTILLA;47; Q001  ;1.32;1.32;0;0;BROPA
1016501030001; BROCHE PEQUEÑO;81; Q001  ;1.64;1.64;0;0;BROPE
1015527210001; BROCHE CON PIEDRA;32; Q001  ;5.47;5.47;0;0;BROPI
1012100910001;" BROCHE ""R""";128.9; Q001  ;1.32;1.32;0;0;BROR
1016500100002; BROCHE SALVAVIDAS;-1699; Q001  ;1;1;0;0;BROSV
1016500100001; BROCHE REDONDO FINO;-1738; Q001  ;1.43;1.43;0;0;BRRF
1011605780002; BOTON DE SEDA PEQUEÑO;36; Q001  ;2.94;2.94;0;0;BSPQ
1011600480001; BOTON X 12 ESPECIAL;3; Q001  ;4.56;4.56;0;0;BX12E
2511100220001;" CADENA "" O "" FINA";248; Q001  ;0.78;0.73;0;0;CADEO
1012100940001; CADENA K13;647.77; Q001  ;1.93;1.93;0;0;CADK13
1011601390001; CADENA K14;1401; Q001  ;1.42;1.42;0;0;CADK14
1011600130001; CADENA K15;1931.43; Q001  ;0.58;0.76;0;0;CADK15
1017510260001; CADENA K16;2878.81; Q001  ;1.2;1.2;0;0;CADK16
1011600140001; CADENA K17;3457.39; Q001  ;0.75;0.75;0;0;CADK17
1011600720001; CADENA K18;14636.92; Q001  ;0.77;0.77;0;0;CADK18
1012100930001; CADENA L/19;13076.72; Q001  ;0.59;0.59;0;0;CADL19
1017510270001; CADENA O;1789; Q001  ;0.38;0.38;0;0;CADO
1011605160001; CADENA K1620;1048.39; Q001  ;1.64;1.64;0;0;CAK1620
1510100230001; CADENA K1621 DIAMANT;125.93; Q001  ;1.64;1.64;0;0;CAK1621D
1011605180001; CADENA K1809;799; Q001  ;1.31;1.31;0;0;CAK1809
1011601380001; CADENA K19;1906.96; Q001  ;1.66;1.66;0;0;CAK19
1011601370001; CADENA K75;2683.18; Q001  ;1.77;1.77;0;0;CAK75
1512101710001; CASCAJO;1; Q001  ;1.2;1.2;0;0;CASC
1011606990001; CASCAJO NATURAL;205; Q001  ;2.63;2.63;0;0;CASCN
1510101280001; CASCAJO OJO DE GATO;70; Q001  ;0.6;0.54;0;0;CASCO
3010800070001; CD DE BISUTERIA;66; Q001  ;5;5;0;0;CDBIS
1012525370001; CADENA FINA DE PLATINO;9; Q001  ;8.93;8.93;0;0;CFPLA
1590101930001; CUELLO GIPIUR MEDIANO;46; Q001  ;3.29;3.29;0;0;CGYM
2511100210001; CHAQUIRA ( amarilla,azul,roja,naranja );110; Q001  ;0.94;0.94;0;0;CHAQ
1012524990001; CHAQUIRA METALIZADA;42; Q001  ;0.55;0.55;0;0;CHAQM
1011528100001; CHAQUIRA FUNDAS PEQUEÑAS;1092; Q001  ;0.79;0.79;0;0;CHAQP
1011528040001; CHAQUIRA X METRO;1655; Q001  ;0.23;0.23;0;0;CHAXM
1016500550001; CINTURON FINO;9; Q001  ;3.29;3.29;0;0;CINTF
1015100960001; CINTA METRICA;10; Q001  ;0.33;0.33;0;0;CINTM
1510100910001; CUARZO JADE CUADRADO # 06;21; Q001  ;1.65;1.65;0;0;CJC6
1510101120001; CUARZO JADE RECTANGULAR MED.6X12;26; Q001  ;2.42;2.42;0;0;CJRM
1016500530002; CADENA K 1032;389.8; Q001  ;3.72;3.72;0;0;CK1032
1010520020002; CADENA K 1046;15; Q001  ;0;3.83;0;0;CK1046
1011605170001; CADENA K 1047;530; Q001  ;0;9.3;0;0;CK1047
1510100690001; CADENA K 10615;6; Q001  ;11.48;11.48;0;0;CK10615
2511400030001; CADENA K 12306;42.16; Q001  ;4.18;4.18;0;0;CK12306
1015100990001; CADENA K 1233;190.82; Q001  ;2.41;2.41;0;0;CK1233
1512101480001; CADENA K 13301;0.8; Q001  ;6.19;6.19;0;0;CK13301
1015101010001; CADENA K 1426;251.62; Q001  ;5.58;5.58;0;0;CK1426
2511201120001; CADENA K 1466;9.3; Q001  ;8.21;8.21;0;0;CK1466
1011605140001; CADENA K1524;930.57; Q001  ;2.08;2.08;0;0;CK1524
1015101000001; CADENA K 1721;545.5; Q001  ;2.95;2.95;0;0;CK1721
1010103550001; CADENA K 819;56; Q001  ;9.84;9.84;0;0;CK1819
1510103540001; CADENA K 18 DOBLE;654.34; Q001  ;1.38;1.8;0;0;CK18D
1590103560001; CADENA K 826;67; Q001  ;11.48;11.48;0;0;CK826
1016500830001; CLAVO NIQUEL FINO CON CABEZA;68; Q001  ;2.13;2.13;0;0;CLAFC
1016500260001; CLAVO NEGRO;46; Q001  ;0.63;0.63;0;0;CLAN
1510101390001; CLAVO NIQUEL FINO;50; Q002  ;1.66;1.66;0;0;CLANF
1016500220001; CLAVO NIQUEL;1229; Q001  ;0.49;0.49;0;0;CLAVN
1016500230001; CLAVO COBRE / BRONCE;388; Q001  ;0.46;0.46;0;0;CLCB
1016500880001; CLAVO FINO CON CABEZA REDONDA;417; Q001  ;3.28;3.28;0;0;CLFCR
1016500840002; CLAVO NIQUEL FINO PEQUEÑO;83; Q001  ;1.65;1.65;0;0;CLNFP
1012101130001;" CRISTAL NATURAL "" A"" # 227";19; Q001  ;6.02;6.02;0;0;CN227
1512101560001;" CRISTAL NATURAL "" A "" # 232";46; Q001  ;2.08;2.08;0;0;CN232
1012527020001;" CRISTAL NATURAL ""A"" # 10";103; Q001  ;4.38;4.38;0;0;CNA10
1012536110001;" CRISTAL NATURAL ""A"" # 04";65; Q001  ;4.16;4.16;0;0;CNA4
1012536440001;" CRISTAL NATURAL  ""A 1.5 # 4 ROMBO";189; Q001  ;7.65;7.65;0;0;CNA4R
1010303160001;" CRISTAL NATURAL ""A"" # 06";53; Q001  ;3.62;3.62;0;0;CNA6
1013524050001;" CRISTAL NATURAL ""A"" # 08";49; Q001  ;3.62;3.62;0;0;CNA8
2590401270001;" CRISTAL NATURAL ""A"" 1.5 BOLA # 10";8; Q001  ;6.02;6.02;0;0;CNAB10
1011601030001;" CRISTAL NATURAL ""A"" 1.5 BOLA #  6";212; Q001  ;7.66;7.66;0;0;CNAB156
1011600850001;" CRISTAL NATURAL ""A"" 1.5  BOLA # 4";128; Q001  ;7.65;7.65;0;0;CNAB4
1011520250001;" CRISTAL NATURAL "" A "" BOLA # 06";19; Q001  ;2.13;2.13;0;0;CNAB6
1011605670001;" CRISTAL NATURAL ""A""  BOLA # 6 NUEVA";53; Q001  ;5.47;5.47;0;0;CNAB6N
1017580030002;" CRISTAL NATURAL ""A"" 1.5 BOLA #  8";66; Q001  ;5.47;5.47;0;0;CNAB8
1011603320001;" CRISTAL NATURAL ""A"" BOLA # 08";45; Q001  ;4.33;4.33;0;0;CNAB8P
1011603310001;" CRISTAL NATURAL ""A"" BOLA # 10";26; Q001  ;5.25;5.25;0;0;CNABP10
1012523060001; CRISTAL NATURAL CUADRADO # 4;43; Q001  ;5.47;5.47;0;0;CNC4
1013523160001; CRISTAL NATURAL CUADRADO # 6;27; Q001  ;6.02;6.02;0;0;CNC6
1012536250001; CRISTAL NATURAL CUADRADO # 8;29; Q001  ;6.56;6.56;0;0;CNC8
1012536080001; CRISTAL NAT. EXAGONAL # 6-  # 8;272; Q001  ;5.47;5.47;0;0;CNEX6
1018530240001; CRISTAL OVALO # 10;183; Q001  ;4.92;4.92;0;0;CNO10
1011605040001; CRISTAL OVALO # 12;220; Q001  ;5.47;5.47;0;0;CNO12
1011608650001; CRISTAL OVALO # 14;186; Q001  ;8.75;8.75;0;0;CNO14
1018531130001; CRISTAL OVALO # 04;179; Q001  ;5.25;5.25;0;0;CNO4
1018500170001; CRISTAL OVALO # 06;225; Q001  ;7.66;7.66;0;0;CNO6
1018530190001; CRISTAL OVALO # 08;354; Q001  ;4.38;4.38;0;0;CNO8
1011530550001; CRISTAL NATURAL VARIOS MODELOS;148; Q001  ;2.19;2.19;0;0;CNVM
1012536260001; COLLARES CONFECCIONADOS FINOS;171; Q001  ;17.86;17.86;0;0;COCONF
1010511040001; COLLAR PARA ARMAR;989; Q001  ;4.42;4.42;0;0;COLAR
1590101880001; COLLAR FINO GRANDE;9; Q001  ;0;6.25;0;0;COLFG
1011800010001; COLGANTE HOJA FINA;111; Q001  ;3.48;3.48;0;0;COLGHF
1016500310002; COLLAR CONFECCIONADO;347; Q001  ;8.93;8.93;0;0;COLLC
1510200120001; COLLAR PIEDRA NATURAL GRANDE;11; Q001  ;6.25;6.25;0;0;COLPNG
1012536210001; COLGANTE PLASTICA VARIOS MODELOS;18; Q001  ;3.3;3.3;0;0;COLPVM
1013520010001; CONCHA CASCAJO;4; Q001  ;4.16;4.16;0;0;CONCAS
101180013000; CORAL CASCAJO;70; Q001  ;4.02;4.02;0;0;CORCAS
1015526150001; CORDON ELASTICO;241.5; Q001  ;0.4;0.4;0;0;COREL
1510100080001; CORDON ELASTICO MED;0; Q002  ;0.46;0.46;0;0;COREM
1012524880001; CORDON DE SEDA PEQUEÑO;641; Q001  ;0.64;0.64;0;0;CORSP
1510100620001; CORTADOR DE COLLAR;72; Q001  ;1.31;1.31;0;0;CORTCO
1510101320001; CORTA HILACHAS;49; Q001  ;0.86;0.86;0;0;CORTH
1011530560001; CROCHETS X DOC;87; Q001  ;2.84;2.84;0;0;CROCHE
1017510070001; CAJA DE REGALOS VARIOS MODELOS;173; Q001  ;1;1;0;0;CRVM
1016500710002; CRISANTEMO X 4 T/L;9; Q001  ;3.3;3.3;0;0;CRX4TL
1510100780001; COLLAR SERPIENTE C/BRILLO GRD;17; Q001  ;5.47;5.47;1;1;CSEBG
1510100330001; COLLAR SERPIENTE C/BRILLO PQ;17; Q001  ;4.38;4.38;0;0;CSEBP
1011201300001; CRISTAL TORNASOL NATURAL # 04;63; Q001  ;4.16;4.16;0;0;CTN4
1012525020001; CRISTAL TORNASOL NATURAL # 06;54; Q001  ;4.16;4.16;0;0;CTN6
2010200010001; CUARZO CON BASE;6; Q001  ;107.14;107.14;0;0;CUARB
1011600150001; CADENA W19;2338.09; Q001  ;1.4;1.4;0;0;CW19
1015101020001; CADENA Y 1419;164.38; Q001  ;1.86;1.86;0;0;CY1419
1090610030001; CADENA Y 1455;29.61; Q001  ;2.01;2.01;0;0;CY1455
1590103530001; CADENA Y 1631;20; Q001  ;3.5;3.5;0;0;CY1631
101160520001; CADENA Y1737;797.56; Q001  ;1.49;1.49;0;0;CY1737
1011605200001; CADENA Y1738;395; Q001  ;2.1;2.1;0;0;CY1738
1590103550001; CADENA Y 1739;192.24; Q001  ;2.08;2.08;0;0;CY1739
1515102040001; CADENA Y 1818;162; Q001  ;1.66;1.66;0;0;CY1818
1017571010001; CADENA Y1829;486.2; Q001  ;1.86;1.86;0;0;CY1829
1011528020001; CADENA Y 1906;247; Q001  ;1.65;1.65;0;0;CY1906
1011605190001; CADENA Y1925;100; Q001  ;0.85;1.02;0;0;CY1925
1590103580001; CADENA Y 1926;12.5; Q001  ;3.06;3.06;0;0;CY1926
1012525300001; DIJE AGATA OVALADA;39; Q001  ;0.83;0.83;0;0;DAGO
1010522230001; DIAMANTE DE BRASIL BOLA # 10;24; Q001  ;1.97;1.97;0;0;DBB10
1010522350001; DMT/BRASIL BOLA IMAN # 10;11; Q001  ;1.97;1.97;0;0;DBBI10
1010522240001; DIAMANTE DE BRASIL BOLA # 12;10; Q001  ;2.19;2.19;0;0;DBB12
1010522000001; DIAMANTE DE BRASIL BOLA # 04;189; Q001  ;0.77;0.77;0;0;DBB4
1010522010001; DIAMANTE DE BRASIL BOLA # 06;31; Q001  ;0.98;0.98;0;0;DBBI6
1010522370001; DMT/BRASIL BOLA IMAN # 06;49; Q001  ;1.53;1.53;0;0;DBB6
1010522020001; DIAMANTE DE BRASIL BOLA # 08;48; Q001  ;1.31;1.31;0;0;DBB8
1010522360001; DMT / BRASIL BOLA IMAN # 08;53; Q001  ;0.8;0.8;0;0;DBBI8
1090610110001; DIAMANTE DE BRASIL MAGNETICO;8; Q001  ;1.73;1.73;0;0;DBMAG
1013524000001; DIJE DIAMNTE VARIOS MODELOS PEQ X PAR;40; Q001  ;1.34;1.34;0;0;DIDVX
1012100430002; DIJE ACERO GRANDE;86; Q001  ;3.94;3.94;0;0;DIJAG
1012521050001; DIJE ACERO MEDIANO x PAR;1880; Q001  ;0.6;0.6;0;0;DIJAMX
1012201240001; DIJES PARA ARETE;544; Q001  ;1.64;1.64;0;0;DIJAR
1016520080001; DIJE CRISTAL ATACHE GRANDE;150; Q001  ;2.19;2.19;0;0;DIJCAG
1021310160001; DIJE CONCHA CON BASE;56; Q001  ;14.88;14.88;0;0;DIJCB
1510100100001; DIJE CRISTAL GOTA GRANDE;19; Q001  ;1.75;1.75;0;0;DIJCGG
1012536270001; DIJE CRISTAL GOTA MEDIANA;83; Q001  ;0.88;0.88;0;0;DIJCGM
1016520090001; DIJE CRISTAL OCTAGONAL PEQUEÑO;103; Q001  ;0.88;0.88;0;0;DIJCOP
1510100240001; DIJE DE CONCHA PERLA PQ;682; Q001  ;1;1;0;0;DIJCPP
1012520240001; DIJE CRISTAL PEQUEÑO PASTILLA;2234; Q001  ;0.27;0.27;0;0;DIJCPPA
1012500110001; DIJE CRISTAL PEQUEÑO REDONDO;130; Q001  ;0.22;0.22;0;0;DIJCPR
1012520110001; DIJE CRISTAL REDONDO GRANDE;240; Q001  ;1.1;1.1;0;0;DIJCRG
1016520100001; DIJE CRISTAL ROMBO PEQUEÑO;457; Q001  ;0.88;0.88;0;0;DIJCRP
1015100930001; DIJE DIAMANTE VARIOS MODELOS;154; Q001  ;4.69;4.69;0;0;DIJDVM
1512101570001; DIJE DIAMANTE VARIOS MODELOS PEQUEÑO;344; Q001  ;2;2;0;0;DIJDVMP
1016700220001; DIJE PARA CELULAR X DOC;171; Q001  ;2.36;2.36;0;0;DIJECEL
1012525010001; DIJE GEMA CON HUECOS;65; Q001  ;1.75;1.75;0;0;DIJGH
1012525000001; DIJE GEMA NATURAL GRANDE;86; Q001  ;1.64;1.64;0;0;DIJGNG
1510101760001; DIJE METALICO MEDIANO;576; Q001  ;0.9;0.9;0;0;DIJMM
1016502010001; DIJE METALICO ROMBO;24; Q001  ;3.94;3.94;0;0;DIJMR
1013523020001; DIJE CONCHA HOJA GRANDE;159; Q001  ;1.64;1.64;0;0;DIJOG
1012521030001; DIJE OJO DE GATO OVALO;145; Q001  ;0.95;0.95;0;0;DIJOGO
1012521070001; DIJE OJO DE GATO PEQUEÑO;129; Q001  ;0.4;0.4;0;0;DIJOGP
1016500680001; DIJE DE PIEDRA NATURAL;110; Q001  ;10.94;10.94;0;0;DIJPN
1016530050001; DIJE CUARZO FLOR PEQUEÑA;-278; Q001  ;2.63;2.63;0;0;DIJQFP
2010200290001; DIJE VITROFUSION OVALO;60; Q001  ;0.89;0.89;0;0;DIJVFO
3010800080001; DIJE VITROFUSION PEQUEÑO;155; Q001  ;2.08;2.08;0;0;DIJVFP
1512101530001; DIJE VITROFUSION VARIOS MODELOS;206; Q001  ;3.72;3.72;0;0;DIJVFV
1012512020001; ELASTICO LARGO;136; Q001  ;0.5;0.5;0;0;ELASL
1012512010001; ELASTICO;862; Q001  ;0.4;0.4;0;0;ELAST
1015101030001; ENCAJE ELASTICO;320; Q001  ;0.96;0.96;0;0;ENCEL
1512101770001; ENCAJE FINO;212.4; Q001  ;0.79;0.79;0;0;ENCF
1512101650001; ENCAJE HILO PLATEADO DORADO CON LENTEJUELA;244.92; Q001  ;2.19;2.19;0;0;ENHPL
1512101640001; ESTUCHE DE CUERO 11 X 12;1; Q001  ;6.56;6.56;0;0;ESC11
1015527220001; ESTUCHE DE CUERO 9 X 8;1; Q001  ;6.02;6.02;0;0;ESC9X
1011602020001; ESTUCHE CUADRADO EXTRA PEQ.;715; Q001  ;0.55;0.55;0;0;ESCEP
1090410010001; ESTUCHE CUADRADO GRANDE;1470; Q001  ;1.54;1.54;0;0;ESCGR
1011607500001; ESTUCHE CUADRADO MEDIANO;72; Q001  ;0.6;0.75;0;0;ESCMD
1090410040001; ESTUCHE CUADRADO PEQUEÑO;1445; Q001  ;0.79;0.79;0;0;ESCPE
1010530090001; ESPIGA FOMIX VARIOS MODELOS # 2;48; Q001  ;1.2;1.2;0;0;ESFV2
1590200930001; ESPIGA FOMIX VARIOS MODELOS;0; Q001  ;1.2;1.2;0;0;ESFVM
1510100680001; ESTUCHE GAMUZA 12 X 17.5;5; Q001  ;7.95;7.95;0;0;ESG12
1016500760001; ESTUCHE GAMUZA 22 X 5;5; Q001  ;5.3;5.3;0;0;ESG22
1016500820002; ESTUCHE GAMUZA 9 X 11;10; Q001  ;5.3;5.3;0;0;ESG9
1010530140001; ESPIGA GIRASOL T/L;5; Q001  ;3;3;0;0;ESGTL
1511102010001; ESTUCHE DE MADERA PEQUEÑO;1; Q001  ;11.38;11.38;0;0;ESMPQ
1515100170001; ESPIGA NAVIDEÑA T/MADERA;50; Q001  ;0.9;0.9;1.01;1.01;ESNTM
1010530020002; ESPIGA CON HOJA DE CRISTAL;17; Q001  ;1.86;1.86;0;0;ESPC
1090610090001; ESPIGA FLOR VARIOS MODELOS T/L;52; Q001  ;4.8;4.8;0;0;ESSFV
1011600650002; ESTUCHE TORNASOL;98; Q001  ;1.21;1.21;0;0;ESTOR
3010800120001; EXIBIDORES DE ARETE GRANDE;32; Q001  ;9.37;9.37;0;0;EXAGR
1016500710001; EXIBIDORES;19; Q001  ;2.27;2.27;0;0;EXHIB
1012101160001; FICHA PULSERA TAGUA;0; Q001  ;0;0.22;0;0;FICPT
3010800040001; FLORERO DE MADERA CUADRADO MED.;11; Q001  ;15.6;15.6;0;0;FLMCM
1012510020001; FLORERO DE MADERA GRANDE;11; Q001  ;13.4;13.4;0;0;FLMG
1012101540001; FLORERO DE MADERA RECTANGULAR;20; Q001  ;14.4;14.4;0;0;FLMR
1011500170001; FLORES SECA X 12;100; Q001  ;2.4;2.4;0;0;FLORSE
1011606720001; FUNDAS DE CIERRE 11 x 16 GRD.;93; Q001  ;0;3.17;0;0;FUNX16
1011606710001; FUNDAS DE CIERRE 7 x 10 PEQ.;256; Q001  ;2.08;2.08;0;0;FUNX7
1514102630001; FUNDAS DE CIERRE 9 x 13 MED.;166; Q001  ;2.19;2.19;0;0;FUNX9
1016500870001; GANCHO DE ARETE;755; Q001  ;0.25;0.25;0;0;GANCA
2590401070001; GANCHO DE ARETE NUEVO PEQUEÑO;998; Q001  ;0.1;0.1;0;0;GANXN
1016526210001; GANCHO DE ARETE NUEVO x PAR;2381; Q001  ;0.3;0.3;0;0;GANXP
1010530100001; GIRASOL X 3 TALLO LARGO;15; Q001  ;2;2;0;0;GIRX3TL
1010522190001; GIRASOL X 3 TALLO MEDIANO;-99; Q001  ;2;2;0;0;GIRX3TM
1012101180001; GIRASOL X 7 TALLO LARGO;11; Q001  ;0;2.16;0;0;GIRX7TL
1012101170001; GIRASOL X 12 ESPECIAL;17; Q001  ;6;6;0;0;GIX12E
1012501130001; GANCHO LLAVERO MEDIANO;126; Q001  ;1;1;0;0;GLLAVM
1012501150001; GANCHO LLAVERO PEQUEÑO;626; Q001  ;1;1;0;0;GLLAVP
1018600020001; GRANATE BOLA # 10;26; Q001  ;10.94;10.94;0;0;GRANB10
1012303180001; GRANATE BOLA # 12;14; Q001  ;27.34;27.34;0;0;GRANB12
1012521090001; GRANATE BOLA # 3-4;6; Q002  ;12.03;12.03;0;0;GRANB3
1018600000001; GRANATE BOLA # 06;10; Q001  ;17.5;17.5;0;0;GRANB6
1018571040001; GRANATE BOLA # 08;23; Q001  ;10.39;10.39;0;0;GRANB8
1010511030001; GRANATE CASCAJO;32; Q001  ;6.34;6.34;0;0;GRANC
1011600560001; GRANATE FACETEADO BOLA # 11-# 12;6; Q002  ;36.09;36.09;0;0;GRANF11
1018571050001; GRANATE FACETEADO BOLA # 8;23; Q001  ;15.31;15.31;0;0;GRANF8
1016500650002; GRANATE FACETEADO BOLA # 9 # 10;24; Q001  ;16.41;16.41;0;0;GRANF9
1012500910001; GRANATE PASTILLA;12; Q001  ;11.38;11.38;0;0;GRANP
1018100100001; GRANATE TUBO;6; Q001  ;12.03;12.03;0;0;GRANT
1018530200001; GRANATE VARIOS MODELOS;54; Q001  ;12.03;12.03;0;0;GRANV
3010800060001; GIPIUR;85; Q001  ;0.47;0.47;0;0;GYPIUR
1017510040001; HILO ALGODON GRUESO ;220; Q002  ;3.15;3.15;0;0;HALG
1017510300001; HILO ALGODON FINO ;260; Q002  ;2.52;2.52;0;0;HALGF
1017510030001; HILO ELASTICO COLOR;979; Q001  ;1.1;1.1;0;0;HELAST
1510100280001; HILO ELASTICO COLOR OFERTA;25; Q001  ;0.76;0.76;0;0;HELASTO
1011800040001; HELECHO # 1;9; Q001  ;13.8;13.8;0;0;HELEC1
2010200720001; HILO CUERO METALIZADO;178.64; Q001  ;0.3;0.3;0;0;HILCM
1011600820001; HILO CUERO METALIZADO x ROLLO;2105; Q001  ;0.14;0.18;0;0;HILCMX
1017510060001; HILO CUERO TRENSADO CON BRILLO;1941.39; Q001  ;0.52;0.52;0;0;HILCTB
1011603220001; HILO CUERO TRENSADO PLANO;520; Q001  ;0.6;0.6;0;0;HILCTP
1017510050001; HILO CUERO TRENSADO;559.54; Q001  ;0.39;0.39;0;0;HILCTR
1016600210002; HILO ENSERADO X METRO 1.0;1356.25; Q001  ;0.13;0.13;0;0;HILENSXM
1017510310001; HILO NYLON;689; Q001  ;1.1;1.1;0;0;HILNY
1011605400001; HILO PERLA;20; Q001  ;4.27;4.27;0;0;HILOP
1513101230001; HILO PARA COSER;84; Q001  ;0.27;0.27;0;0;HILPC
1012510030001; HILO PLATEADO/DORADO;188; Q001  ;0.95;1.2;0;0;HILPDOR
1513102110001; HILO PLATAEDO DORADO X ROLLO PEQ;18; Q001  ;2.63;2.63;0;0;HILPDPX
1011605780001; ILUSION X 5 PLASTICA;829; Q001  ;1.14;1.14;0;0;ILUCX5P
1015526120001; LENTEJA MEDIANA TAGUA;520; Q001  ;0.1;0.1;0;0;LENMTAG
1010531030001; LENTEJUELA FDA/PEQ;3441; Q001  ;0.71;0.71;0;0;LENTEJ
1015100920001;" LETRA DIAMANTE "" O "" MEDIANA";210; Q001  ;0.99;0.99;0;0;LETDOM
1015100830001;" LETRA DIAMANTE "" O "" PEQUEÑA";186; Q001  ;0.88;0.88;0;0;LETDOP
1015101310001; MARIPOSA DE ARETE FINA;9; Q001  ;8.75;8.75;0;0;MAARFI
1016500860002; MUÑECO ANGELES LLAVERO GRANDE;75; Q001  ;1.64;1.64;0;0;MANLGR
1016500390002; MARGARITA BICOLOR T.L;14; Q001  ;2.16;2.16;0;0;MARBTL
1016500620001; MARIPOSA DE ARETE;78; Q001  ;1.97;1.97;0;0;MARGAR
1012536230001; MARGARITA X 7;12; Q001  ;1.14;1.14;0;0;MARGX7
1016500860001; MUÑECO PARA LLAVERO;103; Q001  ;2.16;2.16;0;0;MUNLLA
1016500890001; MUÑECO PARA LLAVERO MOVIBLE;83; Q001  ;2.16;2.16;0;0;MUNLLM
1016500850002; MUÑECO PARA LLAVERO PEQUEÑO;2475; Q001  ;0.7;0.7;0;0;MUNLLP
1021310020001; MURRINA BOLA # 06;40; Q001  ;2.19;2.19;0;0;MURB06
1021310030001; MURRINA BOLA # 08;76; Q001  ;2.74;2.74;0;0;MURB08
1021310040001; MURRINA BOLA # 10;59; Q001  ;3.83;3.83;0;0;MURB10
1021310050001; MURRINA BOLA # 12;24; Q002  ;4.38;4.38;0;0;MURB12
1015100530001; MARGARITA X 7 C/HOJA PLAST. PEQ.;8; Q001  ;1.62;1.62;0;0;MX7HPQ
1013523100001; ORQUIDEA PEQUEÑA;793; Q001  ;3;3;0;0;ORQDAP
1013523130001; ORQUIDEA X 7 CON HOJA;486; Q001  ;2.7;2.7;0;0;ORX7H
1090610050001; ORQUIDEA X 7 T/L;0; Q001  ;7.2;7.2;0;0;ORX7TL
1011604850001; ORQUIDEA X 8 TALLO LARGO;286; Q001  ;8.4;8.4;0;0;ORX8TL
1011600730001; PIEDRA AGATA 6 BORDES 10 x 30;277; Q001  ;1.4;1.4;0;0;PA6B
2511400100001; PIEDRA AGATA 6 BORDES PEQUEÑA;34; Q001  ;8.21;8.21;0;0;PA6BP
1012525530001; PIEDRA AMATISTA BOLA # 10;29; Q001  ;8.21;8.21;0;0;PAB10
1012525290001; PIEDRA AMATISTA BOLA # 12;17; Q001  ;8.75;8.75;0;0;PAB12
1012525550001; PIEDRA AMATISTA BOLA # 04;3; Q001  ;8.75;8.75;0;0;PAB4
1012524150001; PERLA ARROZ BRILLO GRANDE;22; Q001  ;18.59;18.59;0;0;PABG
1010530010001; PIEDRA AMATISTA CON BASE;156; Q001  ;133.93;133.93;0;0;PACB
1012523170001; PIEDRA AGATA DIJE REDONDA;114; Q001  ;0.79;0.79;0;0;PADR
2511400040001; PIEDRA AGATA ENTORCHADA # 10;26; Q001  ;7.12;7.12;0;0;PAE10
1011608010001; PIEDRA AGATA ENTORCHADA # 12;23; Q001  ;7.64;7.64;0;0;PAE12
1011608020001; PIEDRA AGATA ENTORCHADA # 14;22; Q001  ;8.75;8.75;0;0;PAE14
1015100950001; PERLA ARROZ FINA  16;20; Q001  ;24.06;24.06;0;0;PAF16
1020524150001; PERLA ARROZ FINA  0.2;36; Q001  ;6.57;6.57;0;0;PAF2
1013524010001; PERLA ARROZ FINA 0.4;101; Q001  ;5.47;5.47;0;0;PAF4
1011607200001; PERLA ARROZ FINA 0.6;135; Q001  ;6.45;6.45;0;0;PAF6
1015101860001; PERLA ARROZ FINA 0.7;35; Q001  ;9.19;9.19;0;0;PAF7
1019103820001; PERLA ARROZ FINA 0.8;19; Q001  ;18.59;18.59;0;0;PAF8
1012501300001; PERLA ARROZ FINA 0.9;24; Q001  ;21.66;21.66;0;0;PAF9
1012525270001; PIEDRA AGATA FACETEADA BOLA # 10;22; Q001  ;9.85;9.85;0;0;PAFB10
1012525460001; PIEDRA AGATA FACETEADA BOLA # 12;17; Q001  ;12.04;12.04;0;0;PAFB12
1012505480002; PIEDRA AGATA FACETEADA BOLA # 08;8; Q001  ;8.75;8.75;0;0;PAFB8
1012501200001; PERLA ARROZ HUEVO 3/7 GRANDE;16; Q001  ;18.59;18.59;0;0;PAH3/7
1012525280001; PIEDRA AGATA / JADE ARGOLLA;11; Q001  ;5.25;5.25;0;0;PAJA
1012523340001; PIEDRA AGATA NATURAL PASTILLA;209; Q001  ;0.45;0.45;0;0;PANP
1011604100001; PIEDRA AGATA  OVALO 10x 30;210; Q001  ;1.26;1.26;0;0;PAO10
1016503010002; PIEDRA AGATA OVALO 12 x 40;132; Q001  ;1.69;1.69;0;0;PAO12
1016503030002; PIEDRA AGATA ROMBO 20 x 32;244; Q001  ;0.89;0.89;0;0;PAR20
1012525230001; PIEDRA AGATA ROMBO 35 X 35;87; Q001  ;0.94;0.94;0;0;PAR35
1012525170001; PIEDRA AGATA ROMBO PLANO;89; Q001  ;0.82;0.82;0;0;PARP
1015530170001; PEPA BICOLOR TORNASOL;1907.48; Q001  ;1.79;1.79;0;0;PBITOR
1012500180002; PEPA CRISTAL COLOR BOLA # 06;103; Q001  ;1.3;1.3;0;0;PCCB06
1012525040001; PEPA BICOLOR TORNASOL ROMBO # 03;49; Q001  ;2.06;2.06;0;0;PEBTO3
1016500720001; PEPA FOSFORESCENTE BOLA # 04;25; Q001  ;0.68;0.68;0;0;PEFB04
1016500370002; PEPA FOSFORESCENTE BOLA # 06;10; Q001  ;0.71;0.71;0;0;PEFB06
1016500470002; PEPA FOSFORESCENTE BOLA # 10;6; Q001  ;0.98;0.98;0;0;PEFB10
1016500420002; PEPA FOSFORESCENTE BOLA # 12;10; Q001  ;1.7;1.7;0;0;PEFB12
1016500330002; PEPA FOSF. MATIZDA ARROZ 7X12;3; Q001  ;1.34;1.34;0;0;PEFMA07
1015101980001; PEPA FOSF. MATIZDA ARROZ 10X19;1; Q001  ;1.79;1.79;0;0;PEFMA10
1015101180001; PEPA FOSF. MATIZDA ARROZ 11X16;3; Q001  ;2.23;2.23;0;0;PEFMA11
1021301410001; PEPA GAMUZA SENCILLA;261; Q001  ;1.07;1.07;0;0;PEGSEN
1014526000001; PEPA MADERA;4062; Q001  ;0.83;0.83;0;0;PEMADE
1010532000001; PEPA METALIZADA;121.5; Q001  ;2.07;2.07;0;0;PEMETA
1010530020001; PEPA NIQUEL / PLATA;2365; Q001  ;1.38;1.38;0;0;PENIPL
1011604670001; PEPA NIQUEL PLATA / ROPA;778; Q001  ;1.38;1.38;0;0;PENPRO
1011604810001; PEPA PLASTICA ARMABLE;125; Q001  ;0;0.98;0;0;PEPARM
1016500460002; PEPA FOSFORESCENTE BOLA # 08;8; Q001  ;0.77;0.77;0;0;PEPB08
1010530030001; PEPA CRISTAL COLOR;5382; Q001  ;1.29;1.29;0;0;PEPCOL
101060510001; PEPA PLASTICA GAMUZA;530; Q001  ;1.38;1.38;0;0;PEPGAM
1010530210001; PEPA PLASTICA GRAFITI;881; Q001  ;1.35;1.35;0;0;PEPGRA
1090900010001; PEPA PLASTICA GRAFITI ESPECIAL;1727; Q001  ;1.38;1.38;0;0;PEPGRAE
1011604800001; PEPA PLASTICA MATE;5739; Q001  ;0.75;0.75;0;0;PEPM
1012523160001; PEPA PLASTICA NACAR;449; Q001  ;1.92;1.92;0;0;PEPN
1011606040001; PEPA PLASTICA ROMBO # 3;1453; Q001  ;1.4;1.4;0;0;PEPR3
1012501290001; PERLA # 9 - # 10 - # 11 FINA;14; Q001  ;16.4;16.4;0;0;PERL10
1010527070001; PERLA 3/7;5; Q001  ;1.74;1.74;0;0;PERL3
1013604680001; PERLA 5 - 6;334; Q001  ;1.4;2.63;0;0;PERL5
1013524040001; PERLA # 9;135; Q001  ;3.65;3.65;0;0;PERL9
1510100190001; PERLA PLASTICA # 05;46; Q001  ;0.67;0.67;0;0;PERP5
1020524140001; PERLA VELA NATURAL;15; Q001  ;21.44;21.44;0;0;PERVN
1017510210001; PULSERAS FINAS CONFECCIONADAS;45; Q001  ;6.25;6.25;5.6;7;PFCONF
3010800090001; PEPA FOSFORESCENTE MAT. BOLA # 04;10; Q001  ;0;0.86;0;0;PFMB04
1016524240001; PEPA FOSFORESCENTE MAT. BOLA # 06;14; Q001  ;0.89;0.89;0;0;PFMB06
1015101790001; PEPA FOSFORESCENTE MAT. BOLA # 08;0; Q001  ;0.98;0.98;0;0;PFMB08
1016524180001; PEPA FOSFORESCENTE MAT. BOLA # 10;5; Q001  ;1.07;1.07;0;0;PFMB10
1012524190001; PERLA FINA PASTILLA # 10;124; Q001  ;19.69;19.69;0;0;PFP10
1015526200001; PIEDRA AMATISTA CORAZON;10; Q001  ;10.94;10.94;0;0;PIACO
1016500190001; PIEDRA BOLA #4;86; Q001  ;4.14;4.14;0;0;PIB04
1011600640001; PIEDRA BOLA # 06;153; Q001  ;5.47;5.47;0;0;PIB06
1011600630001; PIEDRA BOLA # 08;202; Q001  ;6.34;6.34;0;0;PIB08
1011600560001; PIEDRA BOLA # 10;151; Q001  ;7.44;7.44;0;0;PIB10
1011600570001; PIEDRA BOLA # 12;101; Q001  ;8.08;8.08;0;0;PIB12
1510101360001; PIEDRA CONCHA GRANDE;128; Q001  ;1.22;1.22;0;0;PICG
1011608450001; PIEDRA OJO DE TIGRE TUBO;223; Q001  ;0.36;0.36;0;0;PIDOTT
1012525310001; PIEDRA AMATISTA;23; Q001  ;12.04;12.04;0;0;PIEA
1012551060001; PIEDRA NATURAL ENTORCHADA;0; Q001  ;6.6;6.6;0;0;PIEDNE
1012505480001; PIEDRA NATURAL # 14;105; Q001  ;0.63;0.63;0;0;PIEN14
1012525150001; PIEDRA NATURAL DIJE;65; Q001  ;1.4;1.4;0;0;PIENDI
1012501210001; PIEDRA NATURAL DIJE PASTILLA;11; Q001  ;6.5;6.5;0;0;PIENDP
1012530370001; PIEDRA NATURAL RECTANGULO GRANDE;95; Q001  ;1.03;1.03;0;0;PIENRG
1012523130001; PIEDRA NATURAL RECTANGULO MEDIANA;0; Q001  ;0.57;0.57;0;0;PIENRM
1021301020001; PIEDRA NATURAL VARIOS MODELOS;61; Q001  ;1.09;1.09;0.11;0;PIENVM
1012571090001; PIEDRA OJO DE GATO ATACHE;1697; Q001  ;0.12;0.12;0;0;PIEOGA
1012525340001; PIEDRA OJO DE GATO ENTORCHADO;29; Q001  ;8.53;8.53;0;0;PIEOGE
1012521110001; PIEDRA OJO DE GATO PASTILLA;0; Q001  ;3;3;0;0;PIEOGP
1090610200001; PIEDRA ONIX POR UNIDAD;8; Q001  ;0.36;0.36;0;0;PIEOXU
1510200100001; PIEDRA VARIOS MODELOS ONIX;41; Q001  ;5.48;5.48;0;0;PIEVMO
1012500590001; PIEDRA GRANDE AMATISTA;67; Q001  ;0;6.58;6.58;0;PIGA
1510200250001; PIEDRA GRANDE TRANSPARENTE;9; Q001  ;5;5;0;0;PIGT
1510100210001; PIEDRA NATURAL # 8;6; Q001  ;13.13;13.13;0;0;PIN08
1012525540001; PIEDRA NATURAL BOLA # 04;102; Q001  ;7.66;7.66;0;0;PINB04
1012525210001; PIEDRA NATURAL BOLA # 06;216; Q001  ;10.94;10.94;0;0;PINB06
1012530960001; PIEDRA NATURAL BOLA # 08;351; Q001  ;6.02;6.02;0;0;PINB08
1012525490001; PIEDRA NATURAL BOLA # 10;300; Q001  ;6.56;6.56;0;0;PINB10
1012525500001; PIEDRA NATURAL BOLA # 12;296; Q001  ;7.12;7.12;0;0;PINB12
1012525520001; PIEDRA NATURAL BOLA # 14;662; Q001  ;0.63;0.63;0;0;PINB14
1011601560001; PIEDRA NATURAL BENTURINA TAMBOR 11 x 14;21; Q001  ;4.27;4.27;0;0;PINBTA
1012530400001; PIEDRA NATURAL CILINDRO 11 X 14;55; Q001  ;4.27;4.27;0;0;PINC11
1012510630001; PIEDRA NATURAL CILINDRO 13 X 18;620; Q001  ;0.76;0.76;0;0;PINC13
1090550080001; PINZA FINA PUNTA PLANA;-1; Q001  ;1.64;1.64;0;0;PINFPP
1090550020001; PINZA MULTIUSO;94; Q001  ;4.38;4.38;0;0;PINMUL
1090550060001; PINZA PUNTA PLANA;4; Q001  ;1.84;1.84;0;0;PINPPL
1012531070001; PIEDRA NATURAL TAMBOR 11 X 14;10; Q001  ;4.27;4.27;0;0;PINT11
1012531080001; PIEDRA NATURAL TAMBOR 13 X 18;355; Q001  ;0.67;0.67;0;0;PINT13
1011600500001; PINZA ALICATE;149; Q001  ;1.58;1.58;0;0;PINZALI
1011600310001; PIEDRA OJO DE GATO DIJE RECTANGULAR;471; Q001  ;0.53;0.53;0;0;PIOGDR
1011608330001; PIEDRA OJO DE TIGRE RECTANGULO GRANDE;54; Q001  ;2.28;2.28;0;0;PIOTRG
1011602510001; PIEDRA OJO DE TIGRE RECTANGULO MEDIANO;102; Q001  ;1.75;1.75;0;0;PIOTRM
1010524890001; PIEDRA OJO DE TIGRE TUBO PEQUEÑO;10; Q001  ;9.84;9.84;0;0;PIOTTP
1013524030001; PIEDRA VITROFUSION BOLA # 10;18; Q001  ;4.93;4.93;0;0;PIVB10
1012525430001; PIEDRA VITROFUSION BOLA # 12;13; Q001  ;4.93;4.93;0;0;PIVB12
1012525420001; PIEDRA VITROFUSION TUBO 10 X 10;23; Q001  ;4.11;4.11;0;0;PIVT10
1012524950001; PERLA JAPONESA #  10;506; Q001  ;2.42;2.42;0;0;PJAP10
1012524960001; PERLA JAPONESA # 12;516; Q001  ;2.73;2.73;0;0;PJAP12
1011601280001; PERLA JAPONESA # 14;81; Q001  ;2;2;0;0;PJAP14
1011601270001; PERLA JAPONESA # 16;117; Q001  ;3.42;3.42;0;0;PJAP16
1010529000001; PERLA JAPONESA #  0.4;887; Q001  ;1.1;1.1;0;0;PJAP4
1010529010001; PERLA JAPONESA #  0.6;386; Q001  ;1.31;1.31;0;0;PJAP6
1010529020001; PERLA JAPONESA #  0.8;373; Q001  ;1.64;1.64;0;0;PJAP8
1021302030001; PEPA JIANG TAI # 12;486; Q001  ;0.24;0.24;0;0;PJIN12
1021302040001; PEPA JIANG TAI # 14;275; Q001  ;0.35;0.35;0;0;PJIN14
1012302330001; PEPA JING TAI 5 BORDES;638; Q001  ;0.58;0.58;0;0;PJIN5B
1012302280001; PEPA JING TAI ARGOLLA;200; Q002  ;0.32;0.32;0;0;PJINAR
1015506140001; PEPA JIANG TAI CRUZ MEDIANA;300; Q001  ;0.42;0.42;0;0;PJINCM
1012536160001; PEPA JING TAI DIJE GRANDE;60; Q002  ;3.29;3.29;0;0;PJINDG
1012303050001; PEPA JING TAI DIJE MARIPOSA;105; Q002  ;0.83;0.83;0;0;PJINDM
1021302200001; PEPA JIANG TAI GOTA GRANDE;249; Q001  ;0.35;0.35;0;0;PJINGG
1021302210001; PEPA JIANG TAI GOTA MEDIANA;628; Q001  ;0.27;0.27;0;0;PJINGM
1015100900001; PEPA JIANG TAI HUECO GRANDE;272; Q001  ;0.47;0.47;0;0;PJINHG
1012363340001; PEPA JING TAI OVALO/20;920; Q001  ;0.55;0.55;0;0;PJINO2
1021302020001; PEPA JIANG TAI # 10;0; Q001  ;0.11;0.11;0;0;PJINP10
1021302000001; PEPA JIANG TAI # 06;0; Q001  ;0.07;0.07;0;0;PJINP6
1021302010001; PEPA JIANG TAI # 08;0; Q001  ;0.1;0.1;0;0;PJINP8
1012303020001; PEPA JING TAI PASTILLA;900; Q002  ;0.28;0.28;0;0;PJINPA
1012303140001; PEPA JING TAI PESCADO;523; Q001  ;0.55;0.55;0;0;PJINPE
1012303030001; PEPA JING TAI PASTILLA PEQUENO;358; Q001  ;0.77;0.77;0;0;PJINPP
1012303110001; PEPA JING TAI ROMBO;226; Q001  ;0.32;0.32;0;0;PJINR
1021302270001; PEPA JIANG TAI TUBO FINO;662; Q001  ;0.11;0.11;0;0;PJINTF
1015101990001; PEPA JIANG TAI TUBO OVALO 12 x 20;161; Q001  ;0.86;0.86;0;0;PJINTO
1021302260001; PEPA JIANG TAI TUBO;61; Q001  ;0.29;0.29;0;0;PJINTU
1021302240001; PEPA JIANG TAI OVALO # 12;696; Q001  ;0.27;0.27;0;0;PJIO12
1021302250001; PEPA JIANG TAI OVALO # 14;400; Q002  ;0.35;0.35;0;0;PJIO14
2011200250001; PEPA JIANG  TAI # 18 PULIDA;0; Q001  ;1.86;1.86;0;0;PJIP18
1011601790001; PERLA JAPONESA MATE 10;137; Q001  ;1.49;1.49;0;0;PJM10
1011601780001; PERLA JAPONESA MATE 12;203; Q001  ;1.75;1.75;0;0;PJM12
1011601770001; PERLA JAPONESA MATE 14;221; Q001  ;2.63;2.63;0;0;PJM14
1011601760001; PERLA JAPONESA MATE 16;132; Q001  ;3.5;3.5;0;0;PJM16
1011601810001; PERLA JAPONESA MATE 0.6;357; Q001  ;0.88;0.88;0;0;PJM6
1011601800001; PERLA JAPONESA MATE 0.8;31; Q001  ;0.88;0.88;0;0;PJM8
1510100060001; PIEDRA MALAQUITA BOLA # 08;9; Q001  ;5.47;5.47;0;0;PMB08
1015100210001; PIEDRA MALAQUITA BOLA #10;9; Q001  ;7.11;7.11;0;0;PMB10
1510100260001; PIEDRA MALAQUITA BOLA #12;11; Q001  ;8.75;8.75;0;0;PMB12
1510100070001; PIEDRA MALAQUITA BOLA #14;120; Q001  ;0.74;0.74;0;0;PMB14
1014526010001; PEPA MADERA COLOR;951; Q001  ;0.41;0.41;0;0;PMC
1012101190001; PIEDRA NATURAL 6 BORDES 10 x 30;168; Q001  ;2.01;2.01;0;0;PN6B10
1011600620001; PIEDRA NATURAL BENTURINA 2 HUECO GRANDE;231; Q001  ;0.6;0.6;0;0;PNB2HG
1011600610001; PIEDRA NATURAL BENTURINA 2 HUECOS PEQ;293; Q001  ;0.47;0.47;0;0;PNB2HP
1011600600001; PIEDRA NATURAL BENTURINA BOLA # 8;12; Q002  ;3.83;3.83;0;0;PNBB08
1011600590001; PIEDRA NATURAL BENTURINA BOLA # 10;16; Q002  ;4.38;4.38;0;0;PNBB10
1011600580001; PIEDRA NATURAL BENTURINA BOLA # 12;24; Q002  ;5.25;5.25;0;0;PNBB12
1012525140001; PIEDRA NATURAL CILINDRO 11 x 14 C/BRILLO;16; Q001  ;7.66;7.66;0;0;PNC11C
1012531090001; PIEDRA NATURAL GOTA 7 X 9;10; Q001  ;4.23;4.23;0;0;PNG07
1012521100001; PIEDRA NATURAL GOTA 9 X 12;0; Q001  ;4.56;4.56;0;0;PNG09
1012531130001; PIEDRA NATURAL GOTA 10 X 14;22; Q001  ;4.27;4.27;0;0;PNG10
1012531100001; PIEDRA NATURAL GOTA 13 X 18;330; Q001  ;0.5;0.5;0;0;PNG13
2511400010001; PIEDRA NATURAL OVALO 12 x 40;150; Q001  ;1.85;1.85;0;0;PNO12
1012361810002; PEPA METALIZDA OVALO FINO 6X8;508; Q001  ;0.19;0.19;0;0;POF08
1012500120001; PEPA METALIZDA OVALO FINO 6X10;553; Q001  ;0;0.24;0;0;POF10
1012302290001; PEPA METALIZDA OVALO FINO 7X12;559; Q001  ;0;0.29;0;0;POF12
1011601080001; PIEDRA OJO DE GATO BOLA # 06;0; Q001  ;1.44;1.44;0;0;POGB06
1011601090001; PIEDRA OJO DE GATO BOLA # 08;0; Q001  ;1.92;1.92;0;0;POGB08
1012521120001; PIEDRA OJO DE GATO BOLA # 10;0; Q001  ;3.3;3.3;0;0;POGB10
1012521080001; PIEDRA OJO DE GATO BOLA # 12;117; Q001  ;3.56;3.56;0;0;POGB12
1012101230001; PIEDRA OJO DE GATO BOLA # 14;647; Q001  ;0.44;0.44;0;0;POGB14
1010524900001; PIEDRA OJO DE TIGRE BOLA # 4;6; Q001  ;8.75;8.75;0;0;POTB04
1012530460001; PIEDRA OJO DE TIGRE BOLA # 06;25.5; Q001  ;9.84;9.84;0;0;POTB06
1012530450001; PIEDRA OJO DE TIGRE BOLA # 08;15; Q001  ;12.04;12.04;0;0;POTB08
1012530440001; PIEDRA OJO DE TIGRE BOLA # 10;24; Q001  ;8.2;8.2;0;0;POTB10
1012530430001; PIEDRA OJO DE TIGRE BOLA # 12;18; Q001  ;10.39;10.39;0;0;POTB12
1016503070001; PIEDRA OJO DE TIGRE BOLA # 14;126; Q001  ;0.78;0.78;0;0;POTB14
1016700220002; PIEDRA OJO DE TIGRE CUADRADO # 6;20; Q001  ;6.01;6.01;0;0;POTC06
1012536240001; PIEDRA OJO DE TIGRE  CUBO 10x 10 x 10;85; Q001  ;7.66;7.66;0;0;POTC10
1016500320001; PIEDRA OJO DE TIGRE CORAZON # 12;24; Q001  ;9.3;9.3;0;0;POTC12
1012536130001; PIEDRA OJO DE TIGRE OVALO 10x30;111; Q001  ;1.59;1.59;0;0;POTO10
1018700500001; PIEDRA OJO DE TIGRE OVALO # 12 x 40;87; Q001  ;2.19;2.19;0;0;POTO12
1013100120001; PIEDRA OJO DE TIGRE ROMBO 10 x 10;28; Q001  ;7.11;7.11;0;0;POTR10
1016511000001; PIEDRA OJO DE TIGRE ROMBO 14 x 14;9; Q001  ;6.65;6.65;0;0;POTR14
1016500180002; PIEDRA OJO DE TIGRE ROMBO 19 x 29;80; Q001  ;1.38;1.38;0;0;POTR19
1018571030001; PIEDRA OJO DE TIGRE ROMBO 25 x 35;61; Q001  ;2.69;2.69;0;0;POTR25
1012524040001; PERLA PLASTICA SARTA # 10;206; Q001  ;2.73;2.73;0;0;PPS10
1012524050001; PERLA PLASTICA SARTA # 12;201; Q001  ;3.06;3.06;0;0;PPS12
1011607070001; PERLA PLASTICA SARTA # 14;41; Q001  ;1.6;2;0;0;PPS14
1012501280001; PERLA PLASTICA SARTA # 06;363; Q001  ;1.98;1.98;0;0;PPS6
1012524060001; PERLA PLASTICA SARTA # 08;134; Q001  ;1.98;1.98;0;0;PPS8
1090550070001; PULSERA CONFECCIONADA;9; Q001  ;1.56;1.56;0;0;PULCON
1090610040002; PULSERA GOTA TAGUA;58; Q001  ;3.57;3.57;0;0;PULGTA
1013523090001; PULSERA RELOJ;37; Q001  ;13.39;13.39;0;0;PULREL
1510100080001; PULSERA AGATA;48; Q001  ;8.53;8.53;0;0;PULSAG
1012525440001; PIEDRA VTROFUSION BOLA # 10 NUEVA;7; Q001  ;5.41;5.41;0;0;PVB10N
1510100030001; REVISTA # 5 - 6 - 8 - 9 - 10;841; Q001  ;3.87;3.87;0;0;R56891
1515101970001; RANDELA # 10;33; Q001  ;5.19;5.19;0;0;RAND10
1016500380001; RANDELA # 12;185; Q001  ;5.74;5.74;0;0;RAND12
1016503020002; RANDELA # 14;28; Q001  ;9.02;9.02;0;0;RAND14
1011601200001; RANDELA BOLA # 8;20; Q001  ;4.63;4.63;0;0;RBBO08
1011600930001; ROSA CON BOTON / ILUSION X 11;19; Q001  ;5.28;5.28;0;0;RBIX11
1016500340002; ROSA BOTON X 5 T/L;10; Q001  ;4.68;4.68;0;0;RBX5TL
1016500500001; RETENEDOR BOLA 2 x 2;167; Q001  ;2.13;2.13;0;0;REB2X2
1090610010001; RECORTE TAGUA;773; Q001  ;0.25;0.25;1.61;1.61;RECTAG
1016500330001; RESORTES NIQUEL;100; Q001  ;1.23;1.23;0;0;RESNIQ
1090700020001; REVISTA # 7;78; Q001  ;4.6;4.6;0;0;REVI07
1021310070001; REVISTA # 11;30; Q001  ;4.2;4.2;0;0;REVI11
1090700010001; REVISTA # 2 - 3 - 4;423; Q001  ;2.96;2.96;0;0;REVI23
1017510010001; ROLLO DE ALAMBRE / GUAYA;312; Q001  ;3.29;3.29;0;0;ROALGU
101; ROSA X 4 T/L;17; Q001  ;3.12;3.12;0;0;ROX4TL
1510101340001; RELOJ PARA PULSERA Y COLLAR;103; Q001  ;5.22;5.22;0;0;RPUYCO
1090610030002; RANDELA - ROMBO - BOLA #04;54; Q001  ;7.11;7.11;0;0;RRBO04
1011601220001; RANDELA  BOLA -ROMBO# 6;69; Q001  ;8.2;8.2;0;0;RRBO06
1016500520001; RETENEDOR TUBO 1.5 x 1.5;380; Q001  ;1.39;1.39;0;0;RTU1X1
1016500530001; RETENEDOR TUBO 2 x 1;416; Q001  ;1.58;1.58;0;0;RTU2X1
1011602230001; ROSA T X 7 PEQUEÑA;15; Q001  ;2.94;2.94;0;0;RTX7PQ
1010530110002; ROSA X 1 NUEVA;68; Q001  ;5.4;5.4;0;0;RX1NUE
1010530260002; ROSA X 3 DE SEDA T/L;10; Q001  ;2.7;2.7;0;0;RX3STL
1011605110002; ROSA X 6 CON BOTON / ILUSION;17; Q001  ;5.28;5.28;0;0;RX6CBI
1512101500001; SEPARADOR BOLA # 06 HUECO GRANDE;856; Q001  ;0.34;0.34;0;0;SB06HG
1512101490001; SEPARADOR BOLA # 08 HUECO GRANDE;451; Q001  ;0.4;0.4;0;0;SB08HG
1512101520001; SEPARADOR BOLA # 10 CON DIAMANTE;869; Q001  ;1.89;1.89;0;0;SB10HD
1090610200002; SEPARADOR BOLA # 10 HUECO GRANDE;200; Q002  ;0.47;0.47;0;0;SB10HG
1512101590001; SEPARADOR BOLA # 14 CON DIAMANTE;138; Q001  ;1.34;1.34;0;0;SB14HD
1015580060001; SEPARADOR BOLA # 14 HUECO GRANDE;327; Q001  ;0.88;0.88;0;0;SB14HG
1512101580001; SEPARADOR BOLA # 16 CON DIAMANTE;47; Q001  ;2.41;2.41;0;0;SB16CC
1015101380001; SEPARADOR DIAMAMTE BOLA # 18 NUEVA;66; Q001  ;6.56;6.56;0;0;SDB18N
1012530570001; SEPARADOR DIAMANTE BOLA 4X9;86; Q001  ;1.5;1.5;0;0;SDB4X9
1016500990002; SEPARADOR DIAMANTE CUBO 2 x2x1;63; Q001  ;1.64;1.64;0;0;SDC2X1
1011608220001; SEPARADOR DIAMANTE CUBO 2x2;40; Q002  ;1.86;1.86;0;0;SDC2X2
1012101510001; SEPARADOR DIAMANTE CILINDRO 7 X 10;129; Q001  ;2.01;2.01;0;0;SDC7X1
1016500430002; SEPARADOR CON DIAMANTE EN MEDIO #6;328; Q001  ;0.42;0.42;0;0;SDEM06
1016500440001; SEPARADOR CON DIAMANTE EN MEDIO #8;382; Q001  ;0.48;0.48;0;0;SDEM08
1015100840001; SEPARADOR CON DIAMANTE EN MEDIO #10;447; Q001  ;0.58;0.58;0;0;SDEM10
1016500350002; SEPARADOR CON DIAMANTE EN MEDIO #12;198; Q001  ;0.67;0.67;0;0;SDEM12
1016500740001; SUJETADOR DE DIJE HOJA GRANDE;1714; Q001  ;0.2;0.2;0;0;SDIHGR
1016500590012; SUJETADOR DE DIJE GRANDE;812; Q001  ;0.33;0.33;0;0;SDIJEG
1016500290001; SUJETADOR DE DIJE Y CADENA;110; Q001  ;1.69;1.69;0;0;SDIYCA
1016501140002; SEPARADOR DIAMANTE RECTANGULO 2x2 x3;59; Q001  ;5.47;5.47;0;0;SDR2X23
1016501100002; SEPARADOR DIAMANTE TUBO 4 x 10;68; Q001  ;2.19;2.19;0;0;SDT4X1
1016501030002; SEPARADOR DIAMANTE TUBO 5x10;116; Q001  ;2.96;2.96;0;0;SDT5X1
1016500240002; SEPARADOR DIAMANTE TUBO 6x 10;124; Q001  ;3.83;3.83;0;0;SDT6X1
1016501010002; SEPARADOR DIAMANTE TUBO 6x 8;30; Q001  ;3.29;3.29;0;0;SDT6X8
1016500340001; SEPARADOR 10 HUECOS FINO;130; Q001  ;1.84;1.84;0;0;SE10HF
1016502020001; SEPARADOR 10 HUECOS GRUESO;142; Q001  ;2.08;2.08;0;0;SE10HG
1016500600002; SEPARADOR 2 HUECOS CON DIAMANTE;240; Q001  ;0.76;0.76;0;0;SE2HCD
1512101600001; SEPARADOR CILINDRO 10 X 15;366; Q001  ;0.67;0.67;0;0;SECI10
1011602840001; SEPARADOR DIAMANTE 3 HUECO FINO;1587; Q001  ;0.77;0.77;0;0;SED3HF
1011602910001; SEPARADOR DIAMANTE BOLA # 8;850; Q001  ;1.05;1.05;0;0;SEDB08
1011602900001; SEPARADOR DIAMANTE BOLA #10;1381; Q001  ;1.2;1.2;0;0;SEDB10
1015100940001; SEPARADOR DIAMANTE BOLA #12;301; Q001  ;1.42;1.42;0;0;SEDB12
1510100760001; SEPARADOR DIAMANTE BOLA #14;238; Q001  ;1.65;1.65;0;0;SEDB14
1015101390001; SEPARADOR DIAMANTE BOLA # 16 - # 18;102; Q001  ;5.47;5.47;0;0;SEDB1618
1510100570001; SEPARADOR DIAMANTE BOLA #16;112; Q001  ;2.1;2.1;0;0;SEDB16
1016500570001; SEPARADOR DIAMANTE OVALO GRANDE;1235; Q001  ;0.76;0.76;0;0;SEDOGR
1016501110002; SEPARADOR DIAMANTE TUBO # 05;65; Q001  ;2.74;2.74;0;0;SEDT05
1016501120002; SEPARADOR DIAMANTE TUBO # 14;97; Q001  ;5.47;5.47;0;0;SEDT14
1030800030001; SEPARADOR DIAMANTE TUBO- CILINDRO 2 x 10;53; Q001  ;1.64;1.64;0;0;SEDTC1
1011608130001; SEPARADOR DIAMANTE TUBO-CILINDRO 3x10;45; Q002  ;1.88;1.88;0;0;SEDTC3
1016500370001; SEPARADOR CAMPANA;714; Q001  ;1.9;1.9;0;0;SEPCAM
1016500410001; SEPARADOR CON ATACHE;698; Q001  ;0.44;0.44;0;0;SEPCAT
1012500920001; SEPARADOR DIAMANTE # 6;5059; Q001  ;0.19;0.19;0;0;SEPD06
1012100550001; SEPARADOR DIAMANTE # 8;3132; Q001  ;0.22;0.22;0;0;SEPD08
1015101780001; SEPARADOR DIAMANTE # 10;1630; Q001  ;0.27;0.27;0;0;SEPD10
1016500570002; SEPARADOR DIAMANTE 2 HUECOS;1418; Q001  ;0.66;0.66;0;0;SEPD2H
1011602940001; SEPARADOR DIAMANTE 5 HUECOS;2304; Q001  ;0.99;0.99;0;0;SEPD5H
1015200180001; SEPARADOR DIAMANTE ANILLO;123; Q001  ;2.08;2.08;0;0;SEPDAN
1015580070001; SEPARADOR DIAMANTE HOJA;1741; Q001  ;1.2;1.2;0;0;SEPDHO
1016500400001;" SEPARADOR METALICO ""A""";8940; Q001  ;1.53;1.53;0;0;SEPMEA
1510101290001; SEPARADOR FLOR C/DIAMANTE GRD;1338; Q001  ;0.98;0.98;0;0;SFCDGR
1015100970001; SEPARADOR FLOR CON DIAMANTE PEQUEÑO;1785; Q001  ;0.66;0.66;0;0;SFCDPQ
1016530340001; SOBRES PARA COLLAR MEDIANO;1; Q001  ;9.87;9.87;0;0;SOPCME
1015100810001; SUJETADOR DE DIJE FINO;737; Q001  ;1.21;1.21;0;0;SUDIJE
1090610210001; TAPA ARETE SOMBRERO;7; Q001  ;1.79;1.79;0;0;TAASOM
1021301030001; TAJADITAS TAGUA;244; Q001  ;0.29;0.29;0.17;0.17;TAJTAG
1017510240002; TAGUA PERLA DE 9 MM;113; Q001  ;0.13;0.13;0;0;TAPER9
1016500610001; TAPA ARETE PLASTICO;84; Q001  ;1.22;1.22;0;0;TAPLAS
1016500300002; TAPA NUDO NIQUEL FINO;153; Q001  ;1.16;1.16;0;0;TAPNFI
1016500300001; TAPA NUDO NIQUEL;142; Q001  ;0.72;0.72;0;0;TAPNNI
1012536090001; TAPA ARETE SOMBRERO FINO;71; Q001  ;2.97;2.97;0;0;TASOMF
1011600510001; TIJERA CORTA ALAMBRE;33; Q001  ;2.73;2.73;0;0;TCALA
2010200710001; TIJERA CABEZA DORADA;20; Q001  ;9.97;9.97;0;0;TCDOR
1016500950001; TERMINAL DE CUERO MEDIANO;345; Q001  ;1.15;1.15;0;0;TCMEDI
1016500960001; TERMINAL DE CUERO PEQUENO;432; Q001  ;1.1;1.1;0;0;TCPEQU
1511101240001; TIRA CIRUELO RECTANGULAR 15X20;11; Q001  ;3.11;3.11;0;0;TCR1X2
1017580040002; TIRAS DE CUERO X FUNDA;57; Q001  ;0.89;0.89;0;0;TCXFUD
1017510160001; TIRAS DE CUERO X ROLLO;144; Q001  ;8.31;8.31;0;0;TCXROL
1015100980001; TUBO DIAMANTE TRICOLOR - BLANCO;51; Q001  ;3.75;3.75;0;0;TDTB
1016500450001; TUBO ENTORCHADO ARCO;135; Q001  ;1.5;1.5;0;0;TEARCO
1016500380012; TUBO DE ENSAMBLE;86; Q001  ;0.67;0.67;0;0;TENSAM
1016500430001; TUBO ENTORCHADO RECTO 2 - 3;0; Q001  ;1.03;1.03;0;0;TEREC2
1016500420001; TUBO ENTORCHADO RECTO 4 - 5;4; Q001  ;1.28;1.28;0;0;TEREC4
1015526150001; TIJERA # 03;8; Q002  ;4.92;4.92;0;0;TIJER3
1012500780001; TIRAS DE GIPIUR;78; Q001  ;2.41;2.41;0;0;TIRAGY
1510101690001; TIRA PLASTICA # 2;-2; Q001  ;3.94;3.94;0;0;TIRAP2
1016500520002; TIRA PLASTICA # 4;55; Q001  ;4.86;4.86;0;0;TIRAP4
1016500640002; TIRA PLASTICA # 5;60; Q001  ;1.1;1.1;0;0;TIRAP5
1016500500002; TIRA PLASTICA VARIOS MODELOS;105; Q001  ;4.11;4.11;0;0;TIRAPV
1011800120001; TIRAS DE GIPIUR MEDIANO;40; Q001  ;1.79;1.79;0;0;TIRGYM
1011800080001; TIRAS DE GIPIUR PEQUEÑO;120; Q001  ;1.22;1.22;0;0;TIRGYP
1016500470001; TUBO LLANO ARCO 2 - 3 cm;140; Q001  ;0.69;0.69;0;0;TLLAA3
1016500480001; TUBO LLANO ARCO 4 - 5;44; Q001  ;1.04;1.04;0;0;TLLAA4
1016500390001; TUBO LLANO RECTO;73; Q001  ;0.83;0.83;0;0;TLLARE
1510104220001; TUBITOS TAGUA;356; Q001  ;0.12;0.12;0;0;TUBTAG
1010605120001; TULIPAN X 1;29; Q001  ;4.2;4.2;0;0;TULIX1
1016500350001; TULIPAN X 4 T/L;70; Q001  ;1.92;1.92;0;0;TULIX4TL
