Codigo, Nombre, precio mayor, precio mayor2, precio menor, precio menor 2, cantidad mayor
0,,0.00,0.00,0.00,0.00,6
900,,0.90,0.90,1.00,0.90,6
1234,,0.20,0.20,0.98,0.20,6
01,adfha,1.00,1.00,2.00,1.00,6
ASATCH,ADORNO DE SANDALIA PARA ATACHE,0.38,0.38,0.38,0.38,6
AAAA,AGUJA,0.13,0.13,0.13,0.13,6
AAB,AGUJA DE ARETE BRONCE,0.69,0.69,0.69,0.69,6
AABFG,AGUJA DE ARETE BRONCE FDA/GDE,5.50,5.50,6.60,5.50,3
AAD10,AGUJA DE ARETE DIAMANTE # 10,0.60,0.60,0.75,0.60,6
AAF,AGUJA DE ARETE FLOR,0.50,0.50,0.63,0.50,6
AAPG,AGUJA DE ARETE PLANA GRANDE,1.19,1.19,1.19,1.19,6
AAPGFG,AGUJA DE ARETE PLANA GRANDE FDA/GDE,9.50,9.50,11.40,9.50,3
AARG,AGUJA DE ARETE REDONDA GRANDE,0.69,0.69,0.69,0.69,6
AARGFG,AGUJA DE ARETE REDONDA GRANDE FDA/GDE,5.50,5.50,6.60,5.50,3
AECHP,AGUJA P/ENSARTAR CHAQUIRA /50,0.11,0.11,0.11,0.11,6
AECHP50,AGUJA P/ENSARTAR CHAQUIRA /50F,1.50,1.50,1.88,1.50,6
ACHP,AGUJA PARA CHAQUIRA PEQUENA,0.50,0.50,0.63,0.50,6
AGUJX100,AGUJA X100,5.00,5.00,5.00,5.00,6
AARKG,ALAMBRE ACERO ROLLO KG,15.00,15.00,15.00,15.00,6
AAKG,ALAMBRE ALPACA /KG,13.20,13.20,15.84,13.20,3
AAFP,ALAMBRE ALPACA FDA/PEQ.,0.89,0.89,0.89,0.89,6
AAKILO,ALAMBRE AUMINIO KG.,15.00,15.00,15.00,15.00,6
AACP,ALAMBRE DE ACERO FDA/PEQ.,0.89,0.89,0.89,0.89,6
ALMA,ALAMBRE MEMORIA ANILLO,0.86,0.86,0.86,0.86,6
ALMAKG,ALAMBRE MEMORIA ANILLO / KG,6.90,6.90,8.28,6.90,3
AMAA,ALAMBRE MEMORIA ARETE,0.86,0.86,0.86,0.86,6
AMAAKG,ALAMBRE MEMORIA ARETE / KG,6.90,6.90,8.28,6.90,3
ALMC,ALAMBRE MEMORIA COLLAR,0.86,0.86,0.86,0.86,6
ALMCKG,ALAMBRE MEMORIA COLLAR / KG,6.90,6.90,8.28,6.90,3
ALMP,ALAMBRE MEMORIA PULSERA,1.50,1.50,1.50,1.50,6
ALMLPKG,ALAMBRE MEMORIA PULSERA / KG,12.00,12.00,14.40,12.00,6
ALMPOFT,ALAMBRE MEMORIA PULSERA OFERTA,1.20,1.20,1.20,1.20,6
A1HE3-4,ALFILER 1 HUECO ENTORCHADO 3 - 4,0.75,0.75,0.75,0.75,6
A1HE3-4F,ALFILER 1 HUECO ENTORCHADO 3 - 4 FDA/GD,6.00,6.00,7.20,6.00,6
A2H1-2,ALFILER 2 HUECOS 1 - 2,0.44,0.44,0.44,0.44,6
A2H1-2FG,ALFILER 2 HUECOS 1 - 2 FDA/GDE,3.50,3.50,4.20,3.50,3
A2H3-4,ALFILER 2 HUECOS 3 - 4,0.50,0.50,0.50,0.50,6
A2H3-4FG,ALFILER 2 HUECOS 3 - 4 FDA/GDE,4.00,4.00,4.80,4.00,6
ALF6,ALFILER 2 HUECOS 5 - 6,0.63,0.63,0.63,0.63,6
ALF6FG,ALFILER 2 HUECOS 5 - 6 FDA/GDE,5.00,5.00,6.00,5.00,6
ANAG,ANILLO AGATA,0.35,0.35,0.44,0.35,6
ANAF,ANILLO AGATA FACETEADO,0.40,0.40,0.50,0.40,6
APAM,ANILLO DE PIEDRA AMATISTA,5.00,5.00,6.00,5.00,6
ABAT,ANILLO PARA BASE ATACHE,0.11,0.11,0.16,0.11,6
ANPL,ANILLO PLACA LARGA,0.16,0.16,0.16,0.16,6
AP1HOJA,APLIQUE 1 HOJA,0.20,0.20,0.25,0.20,6
AP2RL,APLIQUE 2 ROSAS LARGAS,0.43,0.43,0.54,0.43,6
AP6FL,APLIQUE 6 FLORES,0.45,0.45,0.56,0.45,6
ABTL,APLIQUE BOTON DE TELA,0.25,0.25,0.32,0.25,6
ABTM,APLIQUE BOTON DE TELA MEDIANO,0.20,0.20,0.25,0.20,6
ABTLP,APLIQUE BOTON DE TELA PEQ.,0.10,0.10,0.13,0.10,6
APLC,APLIQUE CARACOL,0.00,0.00,0.71,0.00,6
APLEN,APLIQUE CON LENTEJUELA,0.60,0.60,0.75,0.60,6
APLEM,APLIQUE CON LENTEJUELA MEDIANO,0.55,0.55,0.69,0.55,6
APCRIS,APLIQUE CON PEPA CRISTAL,3.80,3.80,4.75,3.80,6
AFGR,APLIQUE FLORES GRANDES,3.00,3.00,3.75,3.00,6
APFPQ,APLIQUE FLORES PAQUETE,2.00,2.00,2.50,2.00,6
APGF,APLIQUE GAJOS DE FLORES,0.40,0.40,0.50,0.40,6
APGL,APLIQUE GAJOS LARGOS,0.91,0.91,1.14,0.91,6
APGR,APLIQUE GRANDE PARA ROPA,4.00,4.00,5.00,4.00,6
APHB,APLIQUE HOJA BORDADA,0.12,0.12,0.15,0.12,6
APHC,APLIQUE HOJA CORAZON,0.25,0.25,0.31,0.25,6
APLx12,APLIQUE LANA X 12,1.80,1.80,2.25,1.80,6
APMG,APLIQUE MARIPOSA GRANDE,0.75,0.75,0.94,0.75,6
APOK,APLIQUE OK.,0.50,0.50,0.63,0.50,6
ARLZ,APLIQUE ROSA - LAZO,0.20,0.20,0.25,0.20,6
AROR,APLIQUE ROSA HORGANZA,0.40,0.40,0.50,0.40,6
APRL,APLIQUE ROSA LENTEJUELA,0.30,0.30,0.39,0.30,6
ASEN,APLIQUE SENCILLO,0.30,0.30,0.38,0.30,6
APTP,APLIQUE TULIPAN,0.35,0.35,0.44,0.35,6
APVM,APLIQUE VARIOS MODELOS,0.40,0.40,0.50,0.40,6
APLIXM,APLIQUE x METRO,1.50,1.50,1.90,1.50,6
ABNP10,ARETE BOLA NIQ/PLATA # 10,0.75,0.75,0.75,0.75,6
ABNP14,ARETE BOLA NIQ/PLATA # 14,1.35,1.35,1.35,1.35,6
ABNP16,ARETE BOLA NIQ/PLATA # 16,1.85,1.85,1.85,1.85,6
ABNP8,ARETE BOLA NIQ/PLATA # 8,0.50,0.50,0.50,0.50,6
ABN12,ARETE BOTON NIQ. # 12,0.80,0.80,0.80,0.80,6
ABN16,ARETE BOTON NIQ. # 16,1.40,1.40,1.40,1.40,6
ABN20,ARETE BOTON NIQ. # 20,1.85,1.85,1.85,1.85,6
ADM,ARETE CON DIAMANTE MEDIANO,2.00,2.00,2.00,2.00,6
ACON,ARETE DE CONCHA,0.45,0.45,0.45,0.45,6
AFCB,ARETE FINO CON BRILLO,2.50,2.50,2.50,2.50,6
ARFNS3,ARETE FINO CONF3,2.68,2.68,2.68,2.68,6
AFG,ARETE FINO GRANDE,1.75,1.75,2.19,1.75,6
APER,ARETE PERLA,0.65,0.65,0.82,0.65,6
APFIN,ARETE PERLA FINA,1.00,1.00,1.00,1.00,6
AVMCB,ARETE VARIOS MODELOS CON BRILLO,1.50,1.50,1.50,1.50,6
ALLPLF,ARG. LLAVERO 0.30 PLANA x 1000 FG,19.00,19.00,22.80,19.00,6
ARG05,ARGOLLA 0.5,0.58,0.58,0.58,0.58,6
ARGCB,ARGOLLA 0.5 COBRE / BRONCE,0.46,0.46,0.46,0.46,6
ARGCBF,ARGOLLA 0.5 COBRE / BRONCE FDA/GDE,3.70,3.70,4.44,3.70,3
ARG05F,ARGOLLA 0.5 FDA/ GDE.,4.60,4.60,5.52,4.60,3
ARGN,ARGOLLA 0.5 NEGRA,0.46,0.46,0.46,0.46,6
ARGNF,ARGOLLA 0.5 NEGRA FDA/GDE,3.70,3.70,4.44,3.70,3
ARG3,ARGOLLA 3.5 mm,0.65,0.65,0.65,0.65,6
ARG3F,ARGOLLA 3.5 mm FDA/ GDE,5.20,5.20,6.24,5.20,3
AAE15F,ARGOLLA ALUM. ENT. 1.8 X 15 FDA/ GDE,12.50,12.50,15.00,12.50,6
AAE20F,ARGOLLA ALUM. ENTOR. 1.8 X 20 FDA/ GDE,15.00,15.00,18.00,15.00,6
AAE3F,ARGOLLA ALUM. ENTOR. 3.0 X 31FD/GDE,7.00,7.00,8.40,7.00,6
AAE32F,ARGOLLA ALUM. ENTOR. 3.2 X 27 FDA/GDE,6.50,6.50,7.80,6.50,3
ARAL2.0,ARGOLLA ALUMINIO 2.0 x 1.2,1.72,1.72,1.72,1.72,6
ARAL2.0F,ARGOLLA ALUMINIO 2.0 x 1.2 FDA/GDE,13.75,13.75,16.50,13.75,3
ARA30,ARGOLLA ALUMINIO 3.0 x 2.6,0.56,0.56,0.56,0.56,6
ARAL3,ARGOLLA ALUMINIO 3.0 x 3.1,0.69,0.69,0.69,0.69,6
AAE15,ARGOLLA ALUMINIO ENTORCHADA 1.8 X 15,1.56,1.56,1.56,1.56,6
AAE3,ARGOLLA ALUMINIO ENTORCHADA 3.0 X 31,0.88,0.88,0.88,0.88,6
AAE32,ARGOLLA ALUMINIO ENTORCHADA 3.2 X 27,0.81,0.81,0.81,0.81,6
AK102,ARGOLLA ALUMINIO K102,1.44,1.44,1.44,1.44,6
AK104,ARGOLLA ALUMINIO K104,1.19,1.19,1.19,1.19,6
AK105,ARGOLLA ALUMINIO K105,0.74,0.74,0.74,0.74,6
AK106-107,ARGOLLA ALUMINIO K106-107,0.56,0.56,0.56,0.56,6
ARQK120,ARGOLLA ALUMINIO QK120,1.72,1.72,1.72,1.72,6
AAE20,ARGOLLA ALUMINO ENTORCHADA 1.8 X 20,1.88,1.88,1.88,1.88,6
ARQK120F,ARGOLLA ALUMINO QK120 FDA/GDE,13.75,13.75,16.50,13.75,3
ARAX1000,ARGOLLA ARETE x 1000,2.81,2.81,2.81,2.81,6
ARX1000F,ARGOLLA ARETE x 1000 FDA/GDE,22.50,22.50,27.00,22.50,6
ARBM,ARGOLLA BAMBU MADERA,0.75,0.75,0.94,0.75,6
AACR,ARGOLLA DE ACERO,1.82,1.82,1.82,1.82,6
AAFG,ARGOLLA DE ACERO F/GR,14.50,14.50,17.40,14.50,3
ARA30F,ARGOLLA DE ALUMINIO 3.0 x 2.6 FDA/GD,4.50,4.50,5.40,4.50,3
ARAL3F,ARGOLLA DE ALUMINIO 3.0 x 3.1 FDA/GD,5.50,5.50,6.60,5.50,3
AK102F,ARGOLLA DE ALUMINIO K102 FDA/GD,11.50,11.50,13.80,11.50,3
AK104F,ARGOLLA DE ALUMINIO K104 FDA/GD,9.50,9.50,11.40,9.50,3
AK105F,ARGOLLA DE ALUMINIO K105 FDA/GD,5.90,5.90,7.08,5.90,3
AK106-7F,ARGOLLA DE ALUMINIO K106-K107 FDA/GD,4.50,4.50,5.40,4.50,3
ARPRE,ARGOLLA DE PRESION,2.00,2.00,2.00,2.00,6
ARPREF,ARGOLLA DE PRESION FDA/GDE,16.00,16.00,19.20,16.00,6
AD10,ARGOLLA DIAMANTE # 10,0.40,0.40,0.50,0.40,6
AD15,ARGOLLA DIAMANTE # 15,0.65,0.65,0.82,0.65,6
AD08,ARGOLLA DIAMANTE # 8,0.35,0.35,0.44,0.35,100
ADDO09,ARGOLLA DIAMANTE DOBLE # 09,0.65,0.65,0.82,0.65,6
ADDO12,ARGOLLA DIAMANTE DOBLE # 12,0.70,0.70,0.88,0.70,6
ADPLAS,ARGOLLA DIAMANTE PLASTICA,0.40,0.40,0.50,0.40,6
ADPSAN,ARGOLLA DOBLE PARA SANDALIA,0.44,0.44,0.44,0.44,6
AR2HUE,ARGOLLA DOS HUECOS,0.42,0.42,0.42,0.42,6
AFT13,ARGOLLA FINA T - 1380,0.15,0.15,0.19,0.15,6
AFT16,ARGOLLA FINA T - 1666,0.40,0.40,0.50,0.40,6
AFT67,ARGOLLA FINA T - 1667,0.35,0.35,0.45,0.35,6
AFT68,ARGOLLA FINA T - 1668,0.40,0.40,0.50,0.40,6
AFT71,ARGOLLA FINA T - 6071,0.20,0.20,0.25,0.20,6
AFT10,ARGOLLA FINA T - 7100,0.35,0.35,0.45,0.35,6
AFT81,ARGOLLA FINA T - 8146,0.20,0.20,0.20,0.20,6
ALL0.25F,ARGOLLA LLAVERO 0.25 x 1000 FDA/GDE,7.50,7.50,9.00,7.50,6
ALLO.25,ARGOLLA LLAVERO 0.25 x 50,0.94,0.94,0.94,0.94,6
ALL0.28F,ARGOLLA LLAVERO 0.28 x 1000 PLANA FDA/GDE,16.50,16.50,19.80,16.50,3
ALL0.28,ARGOLLA LLAVERO 0.28 x 50 PLANA FDA/PEQ,2.06,2.06,2.06,2.06,6
ALLPL,ARGOLLA LLAVERO 0.30 PLANA x 50,2.38,2.38,2.38,2.38,6
ALL0.30F,ARGOLLA LLAVERO 0.30 x 1000 FDA/GDE,17.00,17.00,20.40,17.00,6
ALL0.30,ARGOLLA LLAVERO 0.30 x 50,2.13,2.13,2.13,2.13,6
ALL0.32,ARGOLLA LLAVERO 0.32 x 25 PLANA,2.19,2.19,2.19,2.19,6
ALL.32PF,ARGOLLA LLAVERO 0.32 x 500 PLANA FDA/GDE,17.50,17.50,21.00,17.50,6
ACCTOR,ASA CERRADA CON TORNILLO,0.45,0.45,0.54,0.45,6
ACCTDI,ASA CERRADA CON TORNILLO DIAMANTE,1.20,1.20,1.50,1.20,6
ACERR,ASA CERRADAS,0.19,0.19,0.12,0.19,100
ACEX100,ASA CERRADAS X 100,9.50,9.50,11.40,9.50,6
ACXDOC,ASAS CERRADA X DOCENA,8.00,8.00,9.60,8.00,6
ACFINA,ASAS CERRADAS FINA,0.19,0.19,0.12,0.19,6
ACFX100,ASAS CERRADAS FINA X100,9.50,9.50,11.40,9.50,6
ACENU,ASAS CERRADAS NUEVA,0.84,0.84,0.84,0.84,6
AART,ASAS DE ARETE,0.88,0.88,0.88,0.88,6
AACB,ASAS DE ARETE COBRE,0.66,0.66,0.66,0.66,6
AACBF,ASAS DE ARETE COBRE FDA/GDE,5.25,5.25,6.30,5.25,3
AARTF,ASAS DE ARETE FDA/GDE,7.00,7.00,8.40,7.00,6
ACPCO,ATACHE CUADRADO PARA COSER,3.15,3.15,3.15,3.15,6
ACPCG,ATACHE PARA COSER GRANDE,1.50,1.50,1.89,1.50,6
APZAP,ATACHE PARA ZAPATOS,0.25,0.25,0.31,0.25,6
APLAP,ATACHE PLAST.PEQ.,0.13,0.13,0.16,0.13,6
APLAS,ATACHE PLASTICO,0.16,0.16,0.20,0.16,6
APLAM,ATACHE PLASTICO MD.,0.15,0.15,0.19,0.15,6
APLAR,ATACHE PLASTICO PARA ROPA,0.60,0.60,0.60,0.60,6
ATCH,ATACHES,0.45,0.45,0.45,0.45,6
ATCHF,ATACHES FDA/GDE,3.50,3.50,4.38,3.50,3
ATCHP,ATACHES PEGABLE,1.30,1.30,1.30,1.30,6
ATCHPF,ATACHES PEGABLES FDA/GDE,10.00,10.00,12.00,10.00,6
BDI1-600,BALANZA DIGITAL 0.1- 600g.,40.00,40.00,50.00,40.00,6
BAAR,BASE ANILLO CON ARGOLLA,0.40,0.40,0.50,0.40,6
BAMA,BASE ANILLO CON MAYA,0.40,0.40,0.50,0.40,6
BAXP,BASE PARA ARETE X PAR,1.50,1.50,1.88,1.50,6
BODE04,BOLA DEBUTA # 04,0.40,0.40,0.50,0.40,6
BODE06,BOLA DEBUTA # 06,0.40,0.40,0.50,0.40,6
BODE08,BOLA DEBUTA # 08,0.50,0.50,0.63,0.50,6
BODE10,BOLA DEBUTA # 10,0.75,0.75,0.95,0.75,6
BODE12,BOLA DEBUTA # 12,1.10,1.10,1.39,1.10,6
BOLM2,BOLA METALICA # 2,0.75,0.75,0.75,0.75,6
BOLM2F,BOLA METALICA # 2 FDA GRD.,6.00,6.00,7.20,6.00,6
BOLM4,BOLA METALICA # 4,1.06,1.06,1.06,1.06,6
BOLM4F,BOLA METALICA # 4 FDA/GDE,8.50,8.50,10.20,8.50,3
BOLM6,BOLA METALICA # 6,0.56,0.56,0.56,0.56,6
BOLM6F,BOLA METALICA # 6 FDA/GDE,4.50,4.50,5.40,4.50,3
BOLM8F,BOLA METALICA # 7-8 FDA/GDE,8.50,8.50,10.20,8.50,3
BOLM8,BOLA METALICA # 8,1.06,1.06,1.06,1.06,6
BMF10X100,BOLA METALICA FINA # 10,14.00,14.00,16.80,14.00,6
BMF10,BOLA METALICA FINA # 10,0.18,0.18,0.18,0.18,6
BMF12X100,BOLA METALICA FINA # 12,18.00,18.00,21.60,18.00,6
BMF12,BOLA METALICA FINA # 12,0.23,0.23,0.23,0.23,6
BMF04,BOLA METALICA FINA # 4,5.00,5.00,6.25,5.00,6
BMF8X100,BOLA METALICA FINA # 8,9.00,9.00,10.80,9.00,6
BMF08,BOLA METALICA FINA # 8,0.12,0.12,0.12,0.12,6
BMF6X100,BOLA METALICA FINA #6,7.50,7.50,9.00,7.50,6
BMF06,BOLA METALICA FINA #6,0.10,0.10,0.10,0.10,6
BGTAG,BOLAS TAGUA,0.18,0.18,0.23,0.18,6
BX100CO,BOTONES X 100 PARA COSER,4.25,4.25,5.10,4.25,3
BOXD,BOTONES X DOCENA PARA COSER,0.54,0.54,0.54,0.54,6
BRPLDOC,BR. PLAST. PARA MALETAS,1.50,1.50,1.50,1.50,6
BROR,BROCHE  R,0.60,0.60,0.76,0.60,3
BRO2V,BROCHE 2 VUELTAS,0.54,0.54,0.54,0.54,6
BRO3V,BROCHE 3 VUELTAS,0.75,0.75,0.75,0.75,6
BRO3VF,BROCHE 3 VUELTAS FDA/GDE,6.00,6.00,7.20,6.00,6
BRBAG,BROCHE BARRIL GRANDE,2.88,2.88,2.88,2.88,6
BRBAGF,BROCHE BARRIL GRANDE FDA/GDE,23.00,23.00,27.60,23.00,6
BROPI,BROCHE CON PIEDRA,2.50,2.50,3.13,2.50,6
BRCG,BROCHE CONCHA GRANDE,6.80,6.80,8.50,6.80,6
BRCM,BROCHE CONCHA MEDIANA,4.80,4.80,6.00,4.80,6
BRDA,BROCHE DIAMANTE  A,0.50,0.50,0.63,0.50,6
BRDGR,BROCHE DIAMANTE GRANDE,0.60,0.60,0.76,0.60,6
BROF,BROCHE FINO,0.45,0.45,0.57,0.45,6
BROG,BROCHE GAFETE,0.45,0.45,0.57,0.45,6
BRGBG,BROCHE GANCHO BRONCE GRANDE,2.00,2.00,2.00,2.00,6
BRGBGF,BROCHE GANCHO BRONCE GRANDE FDA/GDE,16.00,16.00,19.20,16.00,6
BRGM,BROCHE GANCHO BRONCE MEDIANO,1.50,1.50,1.50,1.50,6
BRGMF,BROCHE GANCHO BRONCE MEDIANO FDA/GDE,12.00,12.00,14.40,12.00,6
BRGEXF,BROCHE GANCHO EXT/GDE,0.50,0.50,0.50,0.50,6
BRGEX,BROCHE GANCHO EXT/GRANDE,4.00,4.00,4.80,4.00,6
BGFIN,BROCHE GANCHO FINO,0.23,0.23,0.23,0.23,6
BGFX100,BROCHE GANCHO FINO X100,18.00,18.00,21.60,18.00,6
BGGR,BROCHE GANCHO GRANDE,1.75,1.75,1.75,1.75,6
BGGRF,BROCHE GANCHO GRANDE FDA/GDE,14.00,14.00,16.80,14.00,6
BGME,BROCHE GANCHO MEDIANO,1.25,1.25,1.25,1.25,6
BGMEF,BROCHE GANCHO MEDIANO FDA/GDE,10.00,10.00,12.00,10.00,6
BGPL,BROCHE GANCHO PLANO FDA/GDE,17.00,17.00,20.40,17.00,6
BGPLF,BROCHE GANCHO PLANO FDA/PEQ,2.13,2.13,2.13,2.13,6
BRGRA,BROCHE GRANDE,2.38,2.38,2.38,2.38,6
BGDI,BROCHE GRANDE CON DIAMANTE,0.65,0.65,0.81,0.65,6
BRGRAF,BROCHE GRANDE FDA/GDE,19.00,19.00,22.80,19.00,6
BRIEX,BROCHE IMAN EXTRA GRANDE,0.85,0.85,1.06,0.85,6
BMPA,BROCHE MAGNETICO PASTILLA,0.20,0.20,0.26,0.20,6
BMAZI,BROCHE MAZI 0.6,0.50,0.50,0.50,0.50,6
BMAZIF,BROCHE MAZI 0.6 FDA/GDE,4.00,4.00,4.80,4.00,6
BMAZ0,BROCHE MAZI 1.0,0.75,0.75,0.75,0.75,6
BNAZ1.0F,BROCHE MAZI 1.0 FDA/GDE,6.00,6.00,7.20,6.00,6
BMAZ1,BROCHE MAZI 1.4,0.94,0.94,0.94,0.94,6
BMAZ1.4F,BROCHE MAZI 1.4 FDA/GDE,7.50,7.50,9.00,7.50,6
BROPA,BROCHE PASTILLA,0.60,0.60,0.75,0.60,6
BROPLAS,BROCHE PLASTICO FDA/GDE,3.57,3.57,4.29,3.57,3
BROPLASF,BROCHE PLASTICO FDA/PQ,0.45,0.45,0.45,0.45,6
BRRF,BROCHE REDONDO FINO,0.65,0.65,0.82,0.65,6
BROSV,BROCHE SALVAVIDA,0.45,0.45,0.57,0.45,6
CY1455,CADENA  Y1455,0.95,0.95,1.19,0.95,100
CA/30,CADENA A/30,0.73,0.73,0.92,0.73,100
CAB1.5X3,CADENA B 1.5 X 3.0,0.80,0.80,1.00,0.80,6
CAB3.2X6,CADENA B 3.2 x 6.4,1.20,1.20,1.50,1.20,100
CAB2.4X4,CADENA B2.4 x 4.8,0.95,0.95,1.19,0.95,100
CAB1.5,CADENA BOLA 1.5,0.50,0.50,0.63,0.50,100
CAB1.5B,CADENA BOLA 1.5 BRONCE,0.54,0.54,0.68,0.54,100
CAB2.0,CADENA BOLA 2.0,0.66,0.66,0.83,0.66,100
CAB2.0B,CADENA BOLA 2.0 BRONCE,0.72,0.72,0.90,0.72,100
CBF1.5X3,CADENA BOLA FINA 1.5 X 3.0,0.85,0.85,1.06,0.85,100
CACBR,CADENA COBRE / BRONCE,0.12,0.12,0.15,0.12,60
CACR2.4,CADENA CR 2.4,0.65,0.65,0.81,0.65,100
CACR4.0,CADENA CR 4.0,1.00,1.00,1.25,1.00,6
CFPLA,CADENA DE PLATINO FINA,10.00,10.00,10.00,10.00,6
CAFIN,CADENA FINA,2.50,2.50,2.50,2.50,6
CADGRU,CADENA GRUESA,1.13,1.13,1.42,1.13,100
CK1233,CADENA K 1233,1.30,1.30,1.56,1.30,100
CAK1621D,CADENA K 1621 DIAMANTADA,0.75,0.75,0.90,0.75,100
CK1721,CADENA K 1721,1.35,1.35,1.62,1.35,100
CK1032,CADENA K1032,1.70,1.70,2.04,1.70,100
CK1046,CADENA K1046,1.75,1.75,2.19,1.75,100
CK1047,CADENA K1047,4.25,4.25,5.31,4.25,100
CK10615,CADENA K10615,5.25,5.25,6.30,5.25,100
CK10619,CADENA K10619,4.20,4.20,5.04,4.20,100
CK12306,CADENA K12306,1.90,1.90,2.38,1.90,100
CADK13,CADENA K13,0.88,0.88,1.10,0.88,100
CK13301,CADENA K13301,2.85,2.85,3.57,2.85,100
CK13608,CADENA K13608,2.25,2.25,2.70,2.25,100
CADK14,CADENA K14,0.65,0.65,0.82,0.65,100
CK1426,CADENA K1426,2.55,2.55,3.06,2.55,100
CK1466,CADENA K1466,3.75,3.75,4.69,3.75,100
CADK15,CADENA K15,0.58,0.58,0.73,0.58,100
CK1524,CADENA K1524,1.00,1.00,1.25,1.00,6
CADK16,CADENA K16,0.65,0.65,0.82,0.65,100
CAK1620,CADENA K1620,0.75,0.75,0.90,0.75,100
CAK1622,CADENA K1622,0.68,0.68,0.85,0.68,100
CADK17,CADENA K17,0.60,0.60,0.75,0.60,100
CADK18,CADENA K18,0.35,0.35,0.44,0.35,100
CK18D,CADENA K18 DOBLE,1.38,1.38,1.80,1.38,100
CAK1809,CADENA K1809,0.60,0.60,0.72,0.60,100
CAK19,CADENA K19,1.10,1.10,1.38,1.10,100
CAK75,CADENA K75,0.62,0.62,0.81,0.62,100
CK1819,CADENA K819,4.50,4.50,5.40,4.50,100
CK826,CADENA K826,5.25,5.25,6.30,5.25,100
CAK846,CADENA K846,6.50,6.50,7.80,6.50,100
CADL19,CADENA L19,0.30,0.30,0.38,0.30,100
CADO,CADENA O,0.15,0.15,0.21,0.15,60
CADO100,CADENA O 100 mt,0.15,0.15,0.21,0.15,100
CADEO,CADENA O FINA,0.44,0.44,0.44,0.44,6
COFX100,CADENA O FINA X100 M,35.00,35.00,42.00,35.00,6
CAPLAFI,CADENA PLANA FINA,0.15,0.15,0.20,0.15,100
CAPLAGR,CADENA PLANA GRUESA,0.19,0.19,0.24,0.19,100
CARN3.2,CADENA RN 3.2,1.00,1.00,1.20,1.00,6
CSYB1.9,CADENA SYB 1.9,1.90,1.90,2.28,1.90,100
CSYB2.4,CADENA SYB 2.4,2.00,2.00,2.40,2.00,6
CSYB3.2,CADENA SYB 3.2,2.20,2.20,2.64,2.20,100
CADT21,CADENA T21,0.10,0.10,0.14,0.10,60
CDTM1.9,CADENA TM 1.9,0.60,0.60,0.72,0.60,100
CW19,CADENA W19,0.62,0.62,0.80,0.62,100
CY1419,CADENA Y 1419,0.85,0.85,1.07,0.85,100
CY1631,CADENA Y 1631,1.60,1.60,2.00,1.60,6
CY1739,CADENA Y 1739,1.30,1.30,1.63,1.30,100
CY1926,CADENA Y 1926,1.40,1.40,1.75,1.40,100
CY18-18,CADENA Y-1818,0.75,0.75,0.94,0.75,100
CY1906,CADENA Y-1906,0.75,0.75,0.94,0.75,100
CY1737,CADENA Y1737,0.85,0.85,1.02,0.85,100
CY1738,CADENA Y1738,1.20,1.20,1.44,1.20,100
CY1829,CADENA Y1829,0.85,0.85,1.08,0.85,100
CY1925,CADENA Y1925,0.85,0.85,1.02,0.85,100
CALCO,CALCOMANIA 60 x 46,2.70,2.70,3.38,2.70,6
CANUT,CANUTILLO TORCIDO,1.80,1.80,2.16,1.80,6
CCGR,CARTERA DE COCO GDE.,25.00,25.00,25.00,25.00,6
CCMD,CARTERA DE COCO MED.,20.00,20.00,20.00,20.00,6
CCPQ,CARTERA DE COCO PEQ.,10.00,10.00,10.00,10.00,6
CASC,CASCAJO,0.45,0.45,0.45,0.45,6
CCHN,CASCAJO CONCHA NACAR,1.25,1.25,1.56,1.25,6
CASCHN,CASCAJO CONCHA NATURAL,0.45,0.45,0.45,0.45,6
CCC,CASCAJO CRISTAL COLOR,0.45,0.45,0.45,0.45,6
CAGR,CASCAJO GRANDE,0.45,0.45,0.45,0.45,6
CASCN,CASCAJO NATURAL,1.20,1.20,1.50,1.20,6
CASOF,CASCAJO OFERTA,0.45,0.45,0.45,0.45,6
CASCO,CASCAJO OJO DE GATO x 3,0.89,0.89,0.89,0.89,6
CAUTI,CAUTIN PARA ATACHES,85.00,85.00,102.00,85.00,6
CDBIS,CD,5.00,5.00,5.00,5.00,6
CHAQ,CHAQUIRA,1.75,1.75,2.19,1.75,6
CHAARN,CHAQUIRA (amarilla,azul,roja,naranja),2.25,2.25,2.82,2.25,25
CHBI,CHAQUIRA BICOLOR,3.50,3.50,4.38,3.50,6
CHAH,CHAQUIRA HIELO,1.25,1.25,1.50,1.25,6
CHAQM,CHAQUIRA METALIZADA,2.25,2.25,2.82,2.25,6
CHAMES,CHAQUIRA METALIZADA ESPECIAL,5.50,5.50,6.88,5.50,6
CHSURT,CHAQUIRA SURTIDA,0.47,0.47,0.47,0.47,6
CHAXM,CHAQUIRA X METRO,0.10,0.10,0.13,0.10,6
CINTE1,CINTA E1,0.22,0.22,0.22,0.22,6
CINNF1,CINTA F1,0.20,0.20,0.20,0.20,6
CINTH1,CINTA H1 X 50YD,0.10,0.10,0.10,0.10,6
CMETR,CINTA METRICA,0.15,0.15,0.19,0.15,6
CINFIN,CINTURON FINO,1.90,1.90,1.90,1.90,6
CIRCLL,CIRCULO DE CUELLO,0.45,0.45,0.59,0.45,6
CIRDMA,CIRCULO DE MANO,0.27,0.27,0.27,0.27,6
CLCB,CLAVO COBRE / BRONCE,0.59,0.59,0.59,0.59,6
CLCBF,CLAVO COBRE / BRONCE FDA/GDE,4.50,4.50,5.40,4.50,3
CLAN,CLAVO NEGRO,0.63,0.63,0.63,0.63,6
CLANF,CLAVO NEGRO FDA/GDE,5.00,5.00,6.00,5.00,6
CNFCRF,CLAVO NIQ. FINO CABEZA RED.FUN,15.00,15.00,18.00,15.00,6
CNFFU,CLAVO NIQ.FINO FUNDA,7.50,7.50,9.00,7.50,6
CNFCF,CLAVO NIQ.FINO/CABEZA FUNDA,9.80,9.80,11.76,9.80,3
CLAVN,CLAVO NIQUEL,0.75,0.75,0.75,0.75,6
CLAVNF,CLAVO NIQUEL FDA/GDE,6.00,6.00,7.20,6.00,6
CLNFP,CLAVO NIQUEL FINO /PQ.,0.95,0.95,0.95,0.95,6
CLFCR,CLAVO NIQUEL FINO CABEZA REDONDA,0.00,0.00,1.88,0.00,6
CLAFC,CLAVO NIQUEL FINO CON CABEZA,0.00,0.00,1.23,0.00,6
COCIN,COLLAR CON CINTA,3.13,3.13,3.13,3.13,6
COCC,COLLAR CONCHA COLOR,1.00,1.00,1.31,1.00,6
CCHR,COLLAR CONCHA REDONDO,0.85,0.85,1.07,0.85,6
COCHQ,COLLAR DE CHAQUIRA,0.75,0.75,0.94,0.75,6
COLCO,COLLAR DE COCO,1.05,1.05,1.05,1.05,6
COLFG,COLLAR FINO GRANDE,7.50,7.50,7.50,7.50,6
COLFP,COLLAR FINO PEQUENO,3.00,3.00,3.00,3.00,6
COLLOF,COLLAR OFERTA,1.30,1.30,1.30,1.30,6
COLPNG,COLLAR PIEDRA NATURAL GRANDE,3.50,3.50,4.20,3.50,6
COLPNP,COLLAR PIEDRA NATURAL PEQUENO,2.50,2.50,3.29,2.50,6
COLLSC,COLLAR SERIE C,4.02,4.02,4.02,4.02,6
COLLSER,COLLAR SERPIENTE,1.80,1.80,1.80,1.80,6
CSEBG,COLLAR SERPIENTE CON BRILLO GRANDE,2.90,2.90,2.90,2.90,6
COLLSB,COLLAR SURTIDO  SERIE B,2.46,2.46,2.46,2.46,6
COLLAR,COLLAR SURTIDO ARMADO ( A-B ),4.91,4.91,4.91,4.91,6
COLLSA,COLLAR SURTIDO SERIE  A,1.78,1.78,1.78,1.78,6
CONCAS,CONCHA CASCAJO,1.90,1.90,2.39,1.90,6
COCHNV,CONCHA NATURA V/ MODEL0S,0.75,0.75,0.94,0.75,6
CNARR,CONCHA NATURAL ARROZ,0.50,0.50,0.50,0.50,6
CNBOL12,CONCHA NATURAL BOLA # 12,1.95,1.95,2.44,1.95,6
CNBOL6,CONCHA NATURAL BOLA # 6,0.80,0.80,1.00,0.80,6
CNBOL8,CONCHA NATURAL BOLA # 8,0.95,0.95,1.19,0.95,6
CNB3/4,CONCHA NATURAL BOLA 3/4,0.80,0.80,1.00,0.80,6
CCNF,CONCHA NATURAL FINA,0.75,0.75,0.75,0.75,6
CAVM,CORAL ARROZ VARIOS MODELOS,0.08,0.08,0.10,0.08,6
CORCAS,CORAL CASCAJO,0.05,0.05,0.07,0.05,6
CCTP,CORAL CUADRADO TUBO PASTILLA,0.10,0.10,0.13,0.10,6
CCOLRA,CORDON COLA DE RATA,0.04,0.04,0.04,0.04,6
CCOLKG,CORDON COLA DE RATA KG,8.50,8.50,8.93,8.50,3
CORSP,CORDON DE SEDA /PQ.,0.29,0.29,0.37,0.29,6
CORSPXPQ,CORDON DE SEDA PEQ. X PAQ.,2.90,2.90,3.48,2.90,None
CEG2.8K,CORDON ELASTICO  GRUESO 2.8. KG,10.63,10.63,10.63,10.63,6
CEMXR,CORDON ELASTICO  MED. x ROLLO,4.50,4.50,5.63,4.50,3
CEF1.8K,CORDON ELASTICO FINO 1.8 .KG,13.75,13.75,13.75,13.75,6
COREL,CORDON ELASTICO FINO 1.8.,0.15,0.15,0.15,0.15,6
CEG2.8,CORDON ELASTICO GRUESO 2.8,0.38,0.38,0.38,0.38,6
COREM,CORDON ELASTICO MED. 2.0,0.20,0.20,0.20,0.20,6
CEM2.0K,CORDON ELASTICO MED. 2.0 KG,11.88,11.88,11.88,11.88,6
CORTH,CORTA HILACHAS,0.50,0.50,0.63,0.50,12
CORCO,CORTADOR DE COLLAR,0.60,0.60,0.76,0.60,6
CNB10RJ,CRIST NAT A BOLA # 10 RJT,3.50,3.50,4.38,3.50,6
CO1.5RT,CRIST OVALO1.5#4R,TOR,3.00,3.00,3.75,3.00,6
CO14RJT,CRIST OVALO14RJT,7.00,7.00,8.75,7.00,6
CO6RJT,CRIST, OVALO # 6 RJ,T,2.00,2.00,2.50,2.00,6
CNB6RJT,CRIST.NAT. BOLA #6 RJ,T,1.50,1.50,1.88,1.50,6
CN#6RJT,CRIST.NAT.A # 6 RJ,T,1.50,1.50,1.88,1.50,6
CO8RJT,CRIST.OVALO # 8 RJ,T,2.75,2.75,3.44,2.75,6
CRIENT,CRISTAL ENTORCHADO,0.53,0.53,0.53,0.53,6
CRISFO,CRISTAL FOSFORECENTE,0.75,0.75,0.75,0.75,6
CRISHOJ,CRISTAL HOJA,0.75,0.75,0.95,0.75,6
CRISTL.4,CRISTAL LARGO # 04,0.22,0.22,0.22,0.22,6
CRISTL6,CRISTAL LARGO # 06,0.45,0.45,0.45,0.45,6
CRISTL8,CRISTAL LARGO # 08,1.20,1.20,1.20,1.20,6
CNA#4RJ,CRISTAL NAT A.1.5 #4 (ROS,ROJ,TOR),1.45,1.45,1.82,1.45,6
CNAB4,CRISTAL NAT. A 1.5 BOLA # 4,0.95,0.95,1.19,0.95,6
CNAB1.56,CRISTAL NAT. A 1.5 BOLA # 6,1.20,1.20,1.50,1.20,6
CNAB8,CRISTAL NAT. A 1.5 BOLA # 8,5.00,5.00,6.25,5.00,6
CNAB6N,CRISTAL NAT. A BOLA # 6 NUEVA,2.50,2.50,3.13,2.50,6
CNB4RJT,CRISTAL NAT.1.5BOLA#4 RS,RJ,TOR,1.45,1.45,1.82,1.45,6
CNAB10,CRISTAL NATURAL  A  1.5 BOLA # 10,5.50,5.50,6.88,5.50,6
CNA10,CRISTAL NATURAL  A # 10,2.00,2.00,2.50,2.00,6
CNA8,CRISTAL NATURAL  A # 8,1.40,1.40,1.75,1.40,6
CNAB6,CRISTAL NATURAL  A BOLA # 06,1.70,1.70,2.13,1.70,6
CNAB8P,CRISTAL NATURAL  A BOLA # 08,2.00,2.00,2.50,2.00,6
CNEX6,CRISTAL NATURAL  A EXAGONAL #6 - #8,5.00,5.00,6.25,5.00,6
CRISTN4,CRISTAL NATURAL # 04,0.50,0.50,0.63,0.50,6
CRISTN6,CRISTAL NATURAL # 06,0.75,0.75,0.93,0.75,6
CRISTN8,CRISTAL NATURAL # 08,0.95,0.95,1.20,0.95,6
CRISTN10,CRISTAL NATURAL # 10,1.50,1.50,1.58,1.50,6
CNA4,CRISTAL NATURAL A # 04,1.90,1.90,2.39,1.90,6
CNA6,CRISTAL NATURAL A # 6,1.20,1.20,1.50,1.20,6
CNA4R,CRISTAL NATURAL A 1.5 # 04,0.95,0.95,1.19,0.95,6
CNABP12,CRISTAL NATURAL A BOLA 12,2.50,2.50,3.13,2.50,6
CNC4,CRISTAL NATURAL CUADRADO # 04,2.50,2.50,3.13,2.50,6
CNC6,CRISTAL NATURAL CUADRADO # 06,2.75,2.75,3.44,2.75,6
CNC8,CRISTAL NATURAL CUADRADO # 08,3.00,3.00,3.75,3.00,6
CND10,CRISTAL NATURAL DIAMANTE # 10,3.60,3.60,4.50,3.60,6
CND12,CRISTAL NATURAL DIAMANTE # 12,4.25,4.25,5.31,4.25,6
CND14,CRISTAL NATURAL DIAMANTE # 14,4.95,4.95,6.19,4.95,6
CNVM,CRISTAL NATURAL VARIOS MODELOS,1.00,1.00,1.25,1.00,6
CNO10,CRISTAL OVALO # 10,2.25,2.25,2.82,2.25,6
CO10RJT,CRISTAL OVALO # 10 RJT,3.50,3.50,4.38,3.50,6
CNO12,CRISTAL OVALO # 12,3.50,3.50,4.38,3.50,6
CO12RJT,CRISTAL OVALO # 12RJT,5.00,5.00,6.25,5.00,6
CNO14,CRISTAL OVALO # 14,5.40,5.40,6.75,5.40,6
CNO4,CRISTAL OVALO # 4,1.50,1.50,1.88,1.50,6
CNO6,CRISTAL OVALO # 6,1.50,1.50,1.88,1.50,6
CNO8,CRISTAL OVALO # 8,2.00,2.00,2.50,2.00,6
CO#4RT,CRISTAL OVALO #4 RJ,RS,TOR,2.00,2.00,2.50,2.00,6
COV1.5.4,CRISTAL OVALO 1.5 # 4,4.00,4.00,5.00,4.00,6
CTN6,CRISTAL TORNASOL NATURAL 6,1.90,1.90,2.39,1.90,6
CROX12,CROCHETS X DOC.,1.30,1.30,1.63,1.30,6
CROXUN,CROCHETS x UN.,0.40,0.40,0.50,0.40,6
CRUZP,CRUZES PLASTICAS,3.00,3.00,3.00,3.00,6
CRUZPF,CRUZES PLASTICAS FDA/GDE,25.00,25.00,30.00,25.00,6
CUADRO,CUADRO,24.11,24.11,24.11,24.11,6
CUARJB6,CUARZO JADE BOLA # 06,0.45,0.45,0.54,0.45,6
CUARJB8,CUARZO JADE BOLA # 08,0.60,0.60,0.72,0.60,6
CUARJB10,CUARZO JADE BOLA # 10,0.75,0.75,0.90,0.75,6
CUARJB12,CUARZO JADE BOLA # 12,0.80,0.80,0.80,0.80,6
CUARJB16,CUARZO JADE BOLA # 16,0.95,0.95,0.95,0.95,6
CUARJCG,CUARZO JADE CAMPANA GRANDE,0.75,0.75,0.75,0.75,6
CUARJC4,CUARZO JADE CUADRADO # 04,0.50,0.50,0.60,0.50,6
CJC6,CUARZO JADE CUADRADO # 06,0.75,0.75,0.90,0.75,6
CUARJC8,CUARZO JADE CUADRADO # 08,0.90,0.90,1.08,0.90,6
CUARJC10,CUARZO JADE CUADRADO # 10,1.10,1.10,1.32,1.10,6
CJCL6,CUARZO JADE CUADRADO LARGO # 6,0.95,0.95,1.14,0.95,6
CUARJC,CUARZO JADE CUERNO,0.95,0.95,0.95,0.95,6
CUARJE,CUARZO JADE ENTORCHADO,1.50,1.50,1.80,1.50,6
CUARJP,CUARZO JADE PASTILLA,0.60,0.60,0.60,0.60,6
CUARJR8,CUARZO JADE PLANO REDONDO/8,0.60,0.60,0.60,0.60,6
CJT,CUARZO JADE TORCIDO,1.50,1.50,1.80,1.50,6
CJRG,CUARZO RECTANGULAR GDE. 8 X 16,1.50,1.50,1.80,1.50,6
CJRM,CUARZO RECTANGULAR MED. 6 X 12,1.10,1.10,1.32,1.10,6
CGYM,CUELLOS DE GIPIUR MEDIANO,1.75,1.75,2.19,1.75,6
DBB5X8,DIAMANTE DE BRASIL 5 x 8 / 6 x 8,0.75,0.75,0.94,0.75,6
DBB6X9,DIAMANTE DE BRASIL 6 x 9,0.80,0.80,0.96,0.80,6
DBB4,DIAMANTE DE BRASIL BOLA # 04,0.35,0.35,0.42,0.35,6
DBB6,DIAMANTE DE BRASIL BOLA # 06,0.45,0.45,0.54,0.45,6
DBB8,DIAMANTE DE BRASIL BOLA # 08,0.60,0.60,0.75,0.60,6
DBB10,DIAMANTE DE BRASIL BOLA # 10,0.90,0.90,1.13,0.90,6
DBB12,DIAMANTE DE BRASIL BOLA # 12,1.00,1.00,1.20,1.00,6
DBDPX12,DIAMANTE DE BRASIL C/DIJE PEQ x 12,1.65,1.65,2.07,1.65,6
DBBC4,DIAMANTE DE BRASIL CUADRADO # 04,0.35,0.35,0.44,0.35,6
DBBC6,DIAMANTE DE BRASIL CUADRADO # 06,0.45,0.45,0.57,0.45,6
DBBC8,DIAMANTE DE BRASIL CUADRADO # 08,0.90,0.90,1.13,0.90,6
DBE/C,DIAMANTE DE BRASIL ESTRELLA / CORAZON,1.50,1.50,1.88,1.50,6
DBMAG,DIAMANTE DE BRASIL MAGNETICO,0.80,0.80,1.00,0.80,6
DBP6,DIAMANTE DE BRASIL PASTILLA # 06,0.50,0.50,0.63,0.50,6
DBP8,DIAMANTE DE BRASIL PASTILLA # 08,0.80,0.80,1.00,0.80,6
DBT5X8I,DIAMANTE DE BRASIL TUBO 5X8 IMAN,0.70,0.70,0.84,0.70,6
DIJAG,DIJE ACERO GRANDE,1.50,1.50,1.89,1.50,6
DAMXFU,DIJE ACERO MEDIANO,10.50,10.50,12.60,10.50,6
DIJAM,DIJE ACERO MEDIANO,1.25,1.25,1.25,1.25,6
DAMX100,DIJE ACERO MEDIANO X 100,10.50,10.50,12.60,10.50,3
DAGO,DIJE AGATA OVALADA,0.45,0.45,0.56,0.45,6
DIJEBX1,DIJE CON BASE x 1,0.45,0.45,0.45,0.45,6
DIJCAR,DIJE CONCHA ARGOLLA,0.15,0.15,0.19,0.15,6
DIJCB,DIJE CONCHA CON BASE,6.80,6.80,8.50,6.80,6
DIJOG,DIJE CONCHA HOJA GRANDE,0.75,0.75,0.94,0.75,6
DIJECP,DIJE CONCHA PINTADA,0.22,0.22,0.28,0.22,6
DIJECR,DIJE CONCHA ROSA,0.35,0.35,0.44,0.35,6
DIJCAG,DIJE CRISTAL ATACHE GRANDE,1.00,1.00,1.25,1.00,6
DIJCAM,DIJE CRISTAL ATACHE MEDIANO,0.60,0.60,0.75,0.60,6
DCCM,DIJE CRISTAL CORAZON.MARIPOSA,0.15,0.15,0.19,0.15,6
DIJCG,DIJE CRISTAL GOTA,0.19,0.19,0.24,0.19,6
DIJCGG,DIJE CRISTAL GOTA GRANDE,0.80,0.80,1.00,0.80,6
DIJCGM,DIJE CRISTAL GOTA MEDIANA,0.40,0.40,0.50,0.40,6
DIJCPR,DIJE CRISTAL PEQUENO REDONDO,0.10,0.10,0.13,0.10,6
DIJCRG,DIJE CRISTAL REDONDO GRANDE,0.50,0.50,0.65,0.50,6
DIJQFP,DIJE CUARZO FLOR/PQ.,1.20,1.20,1.51,1.20,6
DDB2H,DIJE DIAMANTE DE BRASIL 2 HUECOS,0.02,0.02,0.02,0.02,6
DDBX100,DIJE DIAMANTE DE BRASIL x 100,0.03,0.03,0.03,0.03,3
DIJDVM,DIJE DIAMANTE VARIOS MODELOS,2.50,2.50,3.13,2.50,6
DIJGH,DIJE GEMA CON HUECOS,0.80,0.80,1.01,0.80,6
DIJGNG,DIJE GEMA NATURAL GRANDE,0.75,0.75,0.94,0.75,6
DLLCOF,DIJE LLAVERO PARA CELULAR OFERTA,0.18,0.18,0.18,0.18,6
DIJMET,DIJE METALICO,0.40,0.40,0.50,0.40,6
DMETOF,DIJE METALICO  OFERTA  6 pares,0.89,0.89,0.89,0.89,6
DMETGF,DIJE METALICO GRANDE FDA/GDE,10.00,10.00,10.00,10.00,6
DMETMF,DIJE METALICO MEDIANO FDA/GDE,6.00,6.00,7.20,6.00,6
DIJOGO,DIJE OJO DE GATO OVALO,0.56,0.56,0.56,0.56,6
DOGOPT,DIJE OJO DE GATO OVALO PEQ. TI,4.50,4.50,5.40,4.50,6
DOGOT,DIJE OJO DE GATO OVALO TIRA,7.00,7.00,8.40,7.00,6
DJCLX100,DIJE PARA CELULAR,3.50,3.50,4.68,3.50,6
DIJECEL,DIJE PARA CELULAR X12,0.09,0.09,0.09,0.09,6
DIJPN,DIJE PIEDRA NATURAL,5.00,5.00,6.25,5.00,6
DIJVFV,DIJE VITRO FUSION VARIOS MODELOS,1.90,1.90,2.38,1.90,6
DIJVFO,DIJE VITROFUSION OVALO,0.75,0.75,0.94,0.75,6
DIDVX,DIJES DIAMANTE VARIOS MODELOS X PAR,0.80,0.80,1.00,0.80,6
DIJAR,DIJES PARA ARETES,0.75,0.75,0.95,0.75,6
DBBI8,DMT / BRASIL BOLA IMAN # 8,0.80,0.80,1.00,0.80,6
DBBI10,DMT/BRASIL BOLA IMAN # 10,0.90,0.90,1.13,0.90,6
DBBI6,DMT/BRASIL BOLA IMAN # 6,0.70,0.70,0.88,0.70,6
ELAST,ELASTICO,0.50,0.50,0.63,0.50,6
ELASTL,ELASTICO LARGO,2.00,2.00,2.50,2.00,6
ENCEL,ENCAJE  ELASTICO,0.00,0.00,0.55,0.00,6
EREF722,ENCAJE  REF. # 722,0.12,0.12,0.15,0.12,6
EREF730,ENCAJE  REF. # 730,0.30,0.30,0.38,0.30,6
ENCJ2,ENCAJE # 2,0.00,0.00,0.22,0.00,None
ENCJ1B,ENCAJE 1 BORDES,0.25,0.25,0.41,0.25,6
ENCJ11B,ENCAJE 11BORDES,0.78,0.78,1.05,0.78,6
ENCJ5B,ENCAJE 5 BORDES,0.43,0.43,0.59,0.43,6
ENCJCR,ENCAJE COLA DE RATA,0.25,0.25,0.40,0.25,6
ENCJP,ENCAJE CON PERLA,0.36,0.36,0.59,0.36,6
ENCAJC,ENCAJE CUADRADO,0.36,0.36,0.48,0.36,6
EEROLLO,ENCAJE ELASTICO ROLLO,9.50,9.50,11.40,9.50,3
ENCAJET,ENCAJE ENTRENSADO,0.25,0.25,0.41,0.25,6
ENCAJFI,ENCAJE FINO,0.00,0.00,0.45,0.00,6
EFROLLO,ENCAJE FINO ROLLO,7.50,7.50,9.00,7.50,6
ENCGG,ENCAJE GAMUZA GRANDE,1.50,1.50,1.88,1.50,6
ENCGP,ENCAJE GIPIUR PEQ. (DS-401660E1.3/F),0.36,0.36,0.45,0.36,6
EHPL,ENCAJE HILO PLATEADO CON LENTEJUELA,1.00,1.00,1.25,1.00,6
ENCLFEM,ENCAJE LENT. CON FLOR EN MED,0.58,0.58,0.72,0.58,None
ENCJM,ENCAJE MEDALLA,0.70,0.70,0.90,0.70,6
ENCJN,ENCAJE NUDO,0.25,0.25,0.40,0.25,6
E244-313,ENCAJE REF. # 244 - # 313,0.15,0.15,0.19,0.15,6
EREF336,ENCAJE REF. # 336,0.20,0.20,0.25,0.20,6
EREF445,ENCAJE REF. # 445,0.25,0.25,0.32,0.25,6
EREF703,ENCAJE REF. # 703,0.35,0.35,0.44,0.35,6
ENCJC,ENCAJE TEJIDO DE CUERO,0.40,0.40,0.55,0.40,6
ENCAJS,ENCAJE TIRA CUERO SENCILLO,0.30,0.30,0.50,0.30,6
ENCTG,ENCAJE TIRA GAMUZA,0.30,0.30,0.40,0.30,6
ENCJTX1,ENCAJE TIRA x 1,0.10,0.10,0.13,0.10,6
ESTCB,ESTUCHE BRILLOSO,6.50,6.50,7.80,6.50,6
ESTC,ESTUCHE CORAZON,0.40,0.40,0.50,0.40,6
ESTC9X9,ESTUCHE CUADRADO 9 x 9,0.55,0.55,0.69,0.55,6
ESCGR,ESTUCHE CUADRADO GRANDE,0.76,0.76,0.76,0.76,6
ESCMD,ESTUCHE CUADRADO MED.,0.62,0.62,0.78,0.62,6
ESTCP,ESTUCHE CUERO PEQ.,1.45,1.45,1.74,1.45,6
ESC11,ESTUCHE DE CUERO 11x12,3.00,3.00,3.75,3.00,6
ESC22,ESTUCHE DE CUERO 22 x 5.5,3.00,3.00,3.75,3.00,6
ESC9X,ESTUCHE DE CUERO 8x9,2.75,2.75,3.44,2.75,6
ESC9X5,ESTUCHE DE CUERO 9 x 5,2.80,2.80,3.36,2.80,6
ESCR7X5,ESTUCHE DE CUERO RECT. 7x 5,1.75,1.75,2.19,1.75,6
ESTGA,ESTUCHE DE GAMUZA,2.40,2.40,3.00,2.40,6
ESG12,ESTUCHE GAMUZA 12 x 17.5,4.20,4.20,5.29,4.20,6
ESG22,ESTUCHE GAMUZA 22x5,2.40,2.40,3.02,2.40,6
ESG9,ESTUCHE GAMUZA 9x11,2.40,2.40,3.00,2.40,6
ESTPLAN,ESTUCHE PLASTICO DE ANILLO,0.25,0.25,0.30,0.25,6
ESTR8X11,ESTUCHE RECTANGULAR 8 x 11,0.60,0.60,0.75,0.60,6
ESTOR,ESTUCHE TORNASOL,0.55,0.55,0.69,0.55,6
ESTPLG,ESTUCHES PLASTICO GRANDE,0.75,0.75,0.75,0.75,6
EXHIB,EXHIBIDORES,5.00,5.00,6.00,5.00,6
EXAGR,EXSIBIDORES DE ARETE GRANDE,6.80,6.80,8.16,6.80,6
EAPEQ,EXSIBIDORES DE ARETE PEQ.,3.00,3.00,3.75,3.00,6
FATG,FICHA PARA ARETE TAGUA /GD.,0.12,0.12,0.15,0.12,6
FATM,FICHA PARA ARETE TAGUA /MD.,0.10,0.10,0.13,0.10,6
FATP,FICHA PARA ARETE TAGUA /PQ.,0.11,0.11,0.14,0.11,6
FICHP,FICHA PULSERA,0.12,0.12,0.15,0.12,6
FUNX16,FUNDA CON CIERRE 11 x 16 GDE,1.85,1.85,2.29,1.85,6
FUNX7,FUNDA CON CIERRE 7x 10 PEQ.,0.95,0.95,1.19,0.95,6
FUNX9,FUNDA CON CIERRE 9 x 13 MED.,1.45,1.45,1.81,1.45,6
GAPX500,GANCHO ARETE NUE. PEQ. X500,15.00,15.00,18.00,15.00,6
GANXP,GANCHO DE ARETE FINO NUEVO,0.16,0.16,0.16,0.16,6
GANXN,GANCHO DE ARETE NUEVO PQ.,0.12,0.12,0.12,0.12,6
GANX500,GANCHO DE ARETE NUEVO X500,20.00,20.00,24.00,20.00,6
GAX500,GANCHO DE ARETE X500,10.00,10.00,12.50,10.00,6
GANLLG,GANCHO LLAVERO GRANDE,0.13,0.13,0.13,0.13,6
GANLLGF,GANCHO LLAVERO GRANDE F/GDE.,7.00,7.00,8.40,7.00,6
GLLAVM,GANCHO LLAVERO MEDIANO,0.11,0.11,0.11,0.11,6
GLLAVMF,GANCHO LLAVERO MEDIANO F/GDE.,6.50,6.50,7.80,6.50,3
GANCA,GANCHOS DE ARETES,0.09,0.09,0.09,0.09,6
GARGCH,GARGANTILLA DE CHAQUIRA,0.79,0.79,0.99,0.79,6
GIRX5TL,GIRASOL X 5 TL,3.50,3.50,4.20,3.50,6
GRANB3,GRANATE BOLA # 03 - 04,5.50,5.50,6.88,5.50,6
GRANB6,GRANATE BOLA # 06,8.00,8.00,10.00,8.00,6
GRANB8,GRANATE BOLA # 08,9.50,9.50,11.88,9.50,6
GRANB10,GRANATE BOLA # 10,10.00,10.00,12.50,10.00,6
GRANB12,GRANATE BOLA # 12,12.50,12.50,15.63,12.50,6
GRANC,GRANATE CASCAJO,2.90,2.90,3.63,2.90,6
GRANF8,GRANATE FACETEADO BOLA # 08,14.00,14.00,17.50,14.00,6
GRANF9,GRANATE FACETEADO BOLA # 09 - 10,15.00,15.00,18.75,15.00,6
GRANF11,GRANATE FACETEADO BOLA # 11 - 12,16.50,16.50,20.62,16.50,6
GRANP,GRANATE PASTILLA,5.20,5.20,6.50,5.20,6
GRANT,GRANATE TUBO,5.50,5.50,6.88,5.50,6
GRANV,GRANATE VARIOS MODELOS,5.50,5.50,6.88,5.50,6
800,hello3,0.00,0.00,0.00,0.00,6
HALGF,HILO ALGODON FINO,1.20,1.20,1.44,1.20,6
HALG,HILO ALGODON GRUESO,1.50,1.50,1.80,1.50,6
HCAUCHK,HILO CAUCHO / KG,5.00,5.00,6.25,5.00,6
HILOC,HILO CUERO,0.19,0.19,0.23,0.19,6
HILCM,HILO CUERO METALIZADO,0.14,0.14,0.18,0.14,100
HILCTR,HILO CUERO TRENSADO,0.18,0.18,0.23,0.18,100
HILCTB,HILO CUERO TRENSADO CON BRILLO,0.23,0.23,0.29,0.23,100
HILCTD,HILO CUERO TRENSADO DOBLE,0.33,0.33,0.41,0.33,100
HILCTP,HILO CUERO TRENSADO PLANO,0.27,0.27,0.34,0.27,100
HILBX12,HILO DE BORDAR x 12 un.,1.30,1.30,1.63,1.30,6
HILDCEL,HILO DIJE PARA CELULAR,1.50,1.50,1.88,1.50,6
HELAST,HILO ELASTICO COLOR,0.50,0.50,0.63,0.50,6
HELASTO,HILO ELASTICO COLOR OFERTA,0.40,0.40,0.40,0.40,6
HELOFX2,HILO ELASTICO OFERTA # 2 x 4,0.89,0.89,0.89,0.89,6
HENXR1,HILO ENSERADO x ROLLO 1.0,4.80,4.80,6.00,4.80,6
HENXR1.5,HILO ENSERADO x ROLLO 1.5,6.00,6.00,7.50,6.00,6
HENXR2.0,HILO ENSERADO x ROLLO 2.0,4.80,4.80,6.00,4.80,6
HILNY,HILO NYLON,0.50,0.50,0.63,0.50,6
HILNKG,HILO NYLON / KG,10.00,10.00,10.50,10.00,6
HILBXRO,HILO PARA BORDAR   x ROLLO,0.75,0.75,0.75,0.75,6
HILPC,HILO PARA COSER,0.20,0.20,0.20,0.20,6
HILP,HILO PARA COSERX12CAJA,1.20,1.20,1.44,1.20,6
HILTJXK,HILO PARA TEJER x KG,7.50,7.50,9.38,7.50,3
HILOP,HILO PERLA,1.95,1.95,2.44,1.95,6
HILP/DX8,HILO PLATEADO /DORADO x 8 un.,1.20,1.20,1.50,1.20,6
HILPDPX,HILO PLATEADO DORADO x ROLLO PEQ.,1.20,1.20,1.50,1.20,6
HILPDOR,HILO PLATEADO/DORADO,0.95,0.95,1.20,0.95,6
HO12-14,HOJALILLOS # 12-14,0.38,0.38,0.38,0.38,6
HO16-18,HOJALILLOS # 16-18,0.48,0.48,0.48,0.48,6
HO16FUN,HOJALILLOS # 16-18 XF,15.00,15.00,18.00,15.00,6
HO08-10,HOJALILLOS # 8-10,0.31,0.31,0.31,0.31,6
HO8X100,HOJALILLOS # 8-10 XF,5.00,5.00,6.00,5.00,6
HO12FUN,HOJALILLOS #12-14 XF,10.00,10.00,12.00,10.00,6
HOJPB,HOJALILLOS PARA BOTON,18.00,18.00,22.50,18.00,6
1111,hola,5.00,6.00,3.00,5.00,6
IMPERLA,IMPERDIBLE / LANA,2.00,2.00,2.50,2.00,6
LPC,LAZO PARA CINTURON,0.38,0.38,0.48,0.38,6
LENTJRO,LENTEJUELA / ROLLO,4.00,4.00,4.80,4.00,6
LENTJF,LENTEJUELA FDA/GDE,5.50,5.50,6.60,5.50,3
LTJOFF,LENTEJUELA FDA/GDE OFERTA,3.14,3.14,3.14,3.14,6
LENTEJ,LENTEJUELA FDA/PEQ,0.69,0.69,0.69,0.69,6
LENTEJO,LENTEJUELA FDA/PEQ. OFERTA,0.45,0.45,0.45,0.45,6
LENTXM,LENTEJUELA x METRO,0.09,0.09,0.09,0.09,6
LETDOM,LETRA DIAMANTE  O MEDIANA,0.45,0.45,0.54,0.45,6
LOPA,LETRA O PARA PEGAR ATACHE,0.15,0.15,0.19,0.15,6
LLAVMO,LLAVERO METALICO OFERTA,0.45,0.45,0.45,0.45,6
LLAVSEL,LLAVERO SELECCION,0.22,0.22,0.22,0.22,6
MALLMF,MALLA METALICA FDA/GDE,7.50,7.50,9.00,7.50,6
MALLMP,MALLA METALICA FDA/PEQ,0.94,0.94,0.94,0.94,6
MAQ201,MAQUINA PARA COSER # 201,11.50,11.50,11.50,11.50,6
MAQ208,MAQUINA PARA COSER # 208,16.00,16.00,16.00,16.00,6
MAQ988,MAQUINA PARA COSER * 988,10.00,10.00,10.00,10.00,6
MAQMA,MAQUINA PARA COSER MANUAL,7.50,7.50,7.50,7.50,6
MARPAR,MARIPOSA DE ARETE,0.94,0.94,0.94,0.94,6
MARPAB,MARIPOSA DE ARETE BRONCE,0.94,0.94,0.94,0.94,6
MARPABF,MARIPOSA DE ARETE BRONCE FDA/GDE,7.50,7.50,9.00,7.50,6
MARPARF,MARIPOSA DE ARETE FDA/GDE,7.50,7.50,9.00,7.50,6
MARAFI,MARIPOSA DE ARETE FINA,4.00,4.00,5.00,4.00,6
MURB06,MURRINA BOLA # 06,1.00,1.00,1.26,1.00,6
MURB08,MURRINA BOLA # 08,1.25,1.25,1.56,1.25,6
MURB10,MURRINA BOLA # 10,1.75,1.75,2.19,1.75,6
MURB12,MURRINA BOLA # 12,2.00,2.00,2.50,2.00,6
MUPA10,MURRINA PASTILLA # 10,3.00,3.00,3.78,3.00,6
MURTAM,MURRINA TAMBOR,3.00,3.00,3.78,3.00,6
NYLELE,NYLON ELEFANTE,4.00,4.00,5.04,4.00,6
PJTOX100,P. JIANG TAI T. OVALO 12X20 X100,39.00,39.00,46.80,39.00,6
PP/DOF,P. PLATEADA - DORADA OFERTA FDA. GR,3.14,3.14,3.14,3.14,6
PALCIRC,PALILLOS CIRCULARES,1.30,1.30,1.63,1.30,6
PALTEJE,PALILLOS PARA TEJER,0.60,0.60,0.75,0.60,6
PPTPLAS,PALILLOS PARA TEJER PLAS.,0.30,0.30,0.36,0.30,6
PALTEPL,PALILLOS PARA TEJER PLASTICO,0.30,0.30,0.38,0.30,6
PALTEX4,PALILLOS PARA TEJER x 4,0.75,0.75,0.94,0.75,6
PAQDIAM,PAQUETE DIAMANTE,25.00,25.00,3.00,25.00,6
PEGTEPM,PEG./ TELA PARA PIEDRA Y METALES,1.80,1.80,2.25,1.80,6
PEGTELA,PEGAMENTO DE TELA PARA TELA,1.20,1.20,1.50,1.20,6
PEGATU,PEGAMENTO EN TUBO,0.40,0.40,0.50,0.40,6
PEGATUG,PEGAMENTO GRANDE,2.80,2.80,3.36,2.80,6
PEGATUP,PEGAMENTO PEQUENO,1.20,1.20,1.50,1.20,6
PEINXPAR,PEINETA x PAR,0.25,0.25,0.31,0.25,6
PEINFDA,PEINETAS FDA/GDE,25.00,25.00,30.00,25.00,6
PELLF,PELLON FINO,1.90,1.90,1.90,1.90,6
PELLF1,PELLON FINO 1 mmm,0.75,0.75,0.94,0.75,6
PELLG2,PELLON GDE. 2 mm,1.25,1.25,1.57,1.25,6
PELLM1.5,PELLON MED. 1.5mm,1.00,1.00,1.25,1.00,6
PAMB,PEPA AMBAR,1.40,1.40,1.40,1.40,6
PAMBE,PEPA AMBAR ESPECIAL,2.16,2.16,2.16,2.16,6
PAMBEF,PEPA AMBAR ESPECIAL FDA/GDE,6.90,6.90,8.28,6.90,3
PAMBF,PEPA AMBAR FDA/GDE,5.00,5.00,5.00,5.00,6
PANTIG,PEPA ANTIGUA,1.17,1.17,1.17,1.17,6
PANTIGF,PEPA ANTIGUA FD/GD,7.80,7.80,9.36,7.80,3
PBITOR,PEPA BICOLOR TORNASOL,2.03,2.03,2.03,2.03,6
PBITORF,PEPA BICOLOR TORNASOL FDA/GDE,13.00,13.00,15.60,13.00,6
PEBTO3,PEPA BICOLOR TORNASOL ROMBO # 3,2.94,2.94,2.94,2.94,6
PEBTO3F,PEPA BICOLOR TORNASOL ROMBO# 3 FDA/GDE,18.80,18.80,22.56,18.80,3
PCOBP,PEPA COBRE PULIDA,1.43,1.43,1.43,1.43,6
PCOBPF,PEPA COBRE PULIDA FDA/GDE,9.50,9.50,11.40,9.50,3
PCOL1,PEPA COLOR # 01,1.55,1.55,1.55,1.55,6
PCOL1F,PEPA COLOR # 01 FDA/GDE,3.14,3.14,3.14,3.14,6
PCOL3,PEPA COLOR # 03,0.89,0.89,0.89,0.89,6
PCOL3ES,PEPA COLOR # 03 ESPECIAL,0.89,0.89,0.89,0.89,6
PCOL3ESF,PEPA COLOR # 03 ESPECIAL FDA/GD.,3.14,3.14,3.14,3.14,6
PCOL3F,PEPA COLOR #03 FDA/GDE OFERTA,3.14,3.14,3.14,3.14,6
PEPCOL,PEPA CRISTAL COLOR,1.14,1.14,1.14,1.14,6
PCCB06,PEPA CRISTAL COLOR BOLA #6,1.25,1.25,1.25,1.25,6
PCCB06F,PEPA CRISTAL COLOR BOLA #6 FDA/GDE,8.00,8.00,9.60,8.00,6
PEPCOLF,PEPA CRISTAL COLOR FDA/GDE,7.00,7.00,8.40,7.00,6
PCRISFP,PEPA CRISTAL FDA.PEQ. 50gr.,0.45,0.45,0.45,0.45,6
PECRISK,PEPA CRISTAL KG,5.00,5.00,6.25,5.00,6
PFA5X7,PEPA FOSFORECENTE ARROZ 5X7,0.52,0.52,0.52,0.52,6
PFA8X11,PEPA FOSFORECENTE ARROZ 8 X 11,0.54,0.54,0.54,0.54,6
PEFB04,PEPA FOSFORECENTE BOLA # 04,0.48,0.48,0.48,0.48,6
PEFB06,PEPA FOSFORECENTE BOLA # 06,0.51,0.51,0.51,0.51,6
PEFB08,PEPA FOSFORECENTE BOLA # 08,0.54,0.54,0.54,0.54,6
PEFB10,PEPA FOSFORECENTE BOLA # 10,0.70,0.70,0.70,0.70,6
PEFB12,PEPA FOSFORECENTE BOLA # 12,1.20,1.20,1.20,1.20,6
PFC4X8,PEPA FOSFORECENTE CUADRADO 4 X 8,0.73,0.73,0.73,0.73,6
PFC4X6,PEPA FOSFORECENTE CUADRADO 4X6,0.70,0.70,0.70,0.70,6
PFC6X8,PEPA FOSFORECENTE CUADRADO 6 X 8,0.76,0.76,0.76,0.76,6
PEFMA10,PEPA FOSFORECENTE MATIZADA ARROZ 10 X19,1.26,1.26,1.26,1.26,6
PEFMA11,PEPA FOSFORECENTE MATIZADA ARROZ 11 X 16,1.58,1.58,1.58,1.58,6
PEFMA07,PEPA FOSFORECENTE MATIZADA ARROZ 7 X 12,0.95,0.95,0.95,0.95,6
PFMB04,PEPA FOSFORECENTE MATIZADA BOLA # 04,0.60,0.60,0.60,0.60,6
PFMB08,PEPA FOSFORECENTE MATIZADA BOLA # 08,0.70,0.70,0.70,0.70,6
PFMB10,PEPA FOSFORECENTE MATIZADA BOLA # 10,0.95,0.95,0.95,0.95,6
PFMB12,PEPA FOSFORECENTE MATIZADA BOLA # 12,1.26,1.26,1.26,1.26,6
PFMB06,PEPA FOSFORECENTE MATIZADA BOLA # 6,0.63,0.63,0.63,0.63,6
PFT6X15,PEPA FOSFORECENTE TUBO 6 X 15,0.60,0.60,0.60,0.60,6
PEGSEN,PEPA GAMUZA SENCILLA,1.22,1.22,1.22,1.22,6
PEGSENF,PEPA GAMUZA SENCILLA FDA/GDE,7.80,7.80,9.36,7.80,3
PHTRASN,PEPA HIELO TRANSPARENTE,1.43,1.43,1.43,1.43,6
PHTRASNF,PEPA HIELO TRANSPARENTE FD/GD,9.50,9.50,11.40,9.50,3
PJIN12,PEPA JIAN TAI # 12,0.15,0.15,0.15,0.15,6
PJ12X100,PEPA JIAN TAI # 12X100,12.00,12.00,14.40,12.00,6
PJIN14,PEPA JIAN TAI # 14,0.20,0.20,0.20,0.20,6
PJ14X100,PEPA JIAN TAI # 14X100,16.00,16.00,19.20,16.00,6
PJIP18,PEPA JIAN TAI #18 PULIDA,0.85,0.85,1.06,0.85,6
PJIN5B,PEPA JIAN TAI 5 BORDES,0.24,0.24,0.24,0.24,6
PJ5BX100,PEPA JIAN TAI 5 BORDESX100,19.00,19.00,22.80,19.00,6
PJINAR,PEPA JIAN TAI ARGOLLA,0.18,0.18,0.18,0.18,6
PJARX100,PEPA JIAN TAI ARGOLLAX100,14.00,14.00,16.80,14.00,6
PJINDIJ,PEPA JIAN TAI DIJE,0.40,0.40,0.50,0.40,6
PJINDG,PEPA JIAN TAI DIJE GRANDE,1.50,1.50,1.89,1.50,6
PJGGX100,PEPA JIAN TAI GOTA GR.X100,16.00,16.00,19.20,16.00,6
PJINGG,PEPA JIAN TAI GOTA GRANDE,0.20,0.20,0.20,0.20,6
PJGMX100,PEPA JIAN TAI GOTA MED.X100,12.00,12.00,14.40,12.00,6
PJINGM,PEPA JIAN TAI GOTA MEDIANA,0.15,0.15,0.15,0.15,6
PJINPA,PEPA JIAN TAI PASTILLA,0.16,0.16,0.16,0.16,6
PJPPX100,PEPA JIAN TAI PASTILLA PEQ.X100,35.00,35.00,42.00,35.00,6
PJINPP,PEPA JIAN TAI PASTILLA PEQUENO,0.44,0.44,0.44,0.44,6
PJPAX100,PEPA JIAN TAI PASTILLAX100,13.00,13.00,15.60,13.00,6
PJINPE,PEPA JIAN TAI PESCADO,0.31,0.31,0.31,0.31,6
PJIPX100,PEPA JIAN TAI PESCADOX100,25.00,25.00,30.00,25.00,6
PJINGFI,PEPA JIANG TAI GOTA FINA,0.40,0.40,0.40,0.40,6
PJGFX100,PEPA JIANG TAI GOTA FIX100,32.00,32.00,38.40,32.00,6
PJIO12,PEPA JIANG TAI OVALO # 12,0.25,0.25,0.25,0.25,6
PO12X100,PEPA JIANG TAI OVALO # 12X100,12.00,12.00,12.00,12.00,6
PJIO14,PEPA JIANG TAI OVALO # 14,0.31,0.31,0.31,0.31,6
PO14X100,PEPA JIANG TAI OVALO # 14X100,16.00,16.00,16.00,16.00,6
PJINR,PEPA JIANG TAI ROMBO,0.14,0.14,0.18,0.14,6
PJINTU,PEPA JIANG TAI TUBO,0.17,0.17,0.17,0.17,6
PJINTF,PEPA JIANG TAI TUBO FINO,0.06,0.06,0.06,0.06,6
PJTFX100,PEPA JIANG TAI TUBO FINOX100,5.00,5.00,6.00,5.00,6
PJINTO,PEPA JIANG TAI TUBO OVALO 12X20,0.49,0.49,0.49,0.49,6
PJTUX100,PEPA JIANG TAI TUBOX100,12.50,12.50,15.00,12.50,6
PJINHG,PEPA JING TAI HUECO GRANDE,0.28,0.28,0.28,0.28,6
PJINOFI,PEPA JING TAI OVALO FINO,0.32,0.32,0.32,0.32,6
PJOFX100,PEPA JING TAI OVALO FINOX100,25.00,25.00,30.00,25.00,6
PJINO2,PEPA JING TAI OVALO/20,0.31,0.31,0.31,0.31,6
PO20X100,PEPA JING TAI OVALO/20X100,25.00,25.00,25.00,25.00,6
PEMADE,PEPA MADERA,0.95,0.95,0.95,0.95,6
PMC,PEPA MADERA COLOR,1.08,1.08,1.08,1.08,6
PMCF,PEPA MADERA COLOR FDA/GDE,8.50,8.50,10.20,8.50,3
PEMADEF,PEPA MADERA FDA/GDE,6.90,6.90,8.28,6.90,3
PEMAPEG,PEPA MADERA PEGABLE,0.37,0.37,0.37,0.37,6
PEMAPEGF,PEPA MADERA PEGABLE FDA/GDE,2.90,2.90,3.48,2.90,3
PME,PEPA MATE ESPECIAL,1.88,1.88,1.88,1.88,6
PMEF,PEPA MATE ESPECIAL FDA/GDE,6.00,6.00,7.20,6.00,6
PMET,PEPA METALICA,1.33,1.33,1.33,1.33,6
PMETF,PEPA METALICA FDA/GDE,8.50,8.50,10.20,8.50,3
PEMETA,PEPA METALIZADA,1.02,1.02,1.02,1.02,6
PMEB04,PEPA METALIZADA ESPECIAL BOLA # 04,1.25,1.25,1.58,1.25,6
PMEB06,PEPA METALIZADA ESPECIAL BOLA # 06,1.30,1.30,1.64,1.30,6
PMEB08,PEPA METALIZADA ESPECIAL BOLA # 08,1.35,1.35,1.70,1.35,6
PMEB10,PEPA METALIZADA ESPECIAL BOLA # 10,1.90,1.90,2.39,1.90,6
PMEB12,PEPA METALIZADA ESPECIAL BOLA # 12,2.50,2.50,3.15,2.50,6
PMEC10,PEPA METALIZADA ESPECIAL CUADRADO 10X 12,2.20,2.20,2.77,2.20,6
PMEC06,PEPA METALIZADA ESPECIAL CUADRADO 6X10,2.10,2.10,2.65,2.10,6
PMET04,PEPA METALIZADA ESPECIAL TUBO 4 X 6,1.30,1.30,1.64,1.30,6
PMET06,PEPA METALIZADA ESPECIAL TUBO 6X15,1.35,1.35,1.70,1.35,6
PEMETAF,PEPA METALIZADA FDA/GDE,6.50,6.50,7.80,6.50,6
POF10,PEPA METALIZADA OVALO FINO 6X10,0.18,0.18,0.18,0.18,6
PO10X100,PEPA METALIZADA OVALO FINO 6X10 X100,14.00,14.00,16.80,14.00,6
POF08,PEPA METALIZADA OVALO FINO 6X8,0.14,0.14,0.14,0.14,6
PO8X100,PEPA METALIZADA OVALO FINO 6X8 X100,11.00,11.00,13.20,11.00,6
POF12,PEPA METALIZADA OVALO FINO 7X12,0.22,0.22,0.22,0.22,6
POF15,PEPA METALIZADA OVALO FINO 8 x15,0.23,0.23,0.23,0.23,6
PF15X100,PEPA METALIZADA OVALO FINO 8X15 X100,19.00,19.00,22.80,19.00,6
PF12X100,PEPA METALIZDA OVALO FINO 7X12 X100,17.00,17.00,20.40,17.00,6
PENIPL,PEPA NIQUEL / PLATA,1.64,1.64,1.64,1.64,6
PENIPLF,PEPA NIQUEL / PLATA FDA/GDE,10.50,10.50,12.60,10.50,3
PENPRO,PEPA NIQUEL PLATA PARA ROPA,1.64,1.64,1.64,1.64,6
PENPROF,PEPA NIQUEL PLATA PARA ROPA FDA/GDE,10.50,10.50,12.60,10.50,3
POGKF,PEPA OJO DE GATO / KG fda/gde,3.94,3.94,3.94,3.94,6
POGK,PEPA OJO GATO KG/,0.45,0.45,0.45,0.45,6
PEPGRAEF,PEPA PLAST.  GRAFITY ESP. FD/GDE,12.00,12.00,14.40,12.00,6
PEPGRAE,PEPA PLAST.GRAFITY ESP- FD/PEQ,1.88,1.88,1.88,1.88,6
PEPARM,PEPA PLASTICA ARMABLE,0.75,0.75,0.75,0.75,6
PEPARMF,PEPA PLASTICA ARMABLE FDA/GDE,6.00,6.00,6.00,6.00,6
PPC/B,PEPA PLASTICA COBRE/BRONCE,1.00,1.00,1.00,1.00,6
PPCBF,PEPA PLASTICA COBRE/BRONCE FDA/GDE.,3.14,3.14,3.14,3.14,6
PPLASD,PEPA PLASTICA DIJE,0.85,0.85,0.85,0.85,6
PPLASDOF,PEPA PLASTICA DIJE OFERTA FDA. GRANDE,3.14,3.14,3.14,3.14,6
PEPGAM,PEPA PLASTICA GAMUZA,1.88,1.88,1.88,1.88,6
PEPGAMF,PEPA PLASTICA GAMUZA FD/GD,12.00,12.00,14.40,12.00,6
PEPGRA,PEPA PLASTICA GRAFITI,0.85,0.85,0.85,0.85,6
PEPGRAF,PEPA PLASTICA GRAFITI FDA/GD,6.00,6.00,6.00,6.00,6
PPGRA,PEPA PLASTICA GRANITO,0.85,0.85,0.85,0.85,6
PPGRAF,PEPA PLASTICA GRANITO FDA/GD,3.14,3.14,3.14,3.14,6
PPH,PEPA PLASTICA HIELO,1.17,1.17,1.17,1.17,6
PPHF,PEPA PLASTICA HIELO FDA/GDE,7.50,7.50,9.00,7.50,6
PEPM,PEPA PLASTICA MATE,1.63,1.63,1.63,1.63,6
PEPMF,PEPA PLASTICA MATE FDA/GDE,5.00,5.00,6.00,5.00,6
PEPN,PEPA PLASTICA NACAR,1.61,1.61,1.61,1.61,6
PEPNF,PEPA PLASTICA NACAR FDA/GDE,9.90,9.90,11.88,9.90,3
PPP,PEPA PLASTICA PORCELANA,1.17,1.17,1.17,1.17,6
PPPF,PEPA PLASTICA PORCELANA FDA/GDE,7.50,7.50,9.00,7.50,6
PEPR3F,PEPA PLASTICA ROMBO # 3 FD/GDE,9.50,9.50,11.40,9.50,3
PEPR3,PEPA PLASTICA ROMBO# 3,1.54,1.54,1.54,1.54,6
PP/D,PEPA PLATEADA / DORADA,0.89,0.89,0.89,0.89,6
PPPDF,PEPA PLATEADA / DORADA FDA/GDE,3.14,3.14,3.14,3.14,6
PERL9,PERLA # 9,2.90,2.90,3.63,2.90,6
PERL5,PERLA 5/6,1.90,1.90,2.38,1.90,6
PABG,PERLA ARROZ BRILLO GRANDE,13.50,13.50,16.89,13.50,6
PAF16,PERLA ARROZ FINA # 16,16.50,16.50,20.63,16.50,6
PAF2,PERLA ARROZ FINA 0.2,4.50,4.50,5.63,4.50,6
PAF4,PERLA ARROZ FINA 0.4,3.75,3.75,4.69,3.75,6
PAF6,PERLA ARROZ FINA 0.6,4.43,4.43,5.54,4.43,6
PAF7,PERLA ARROZ FINA 0.7,6.30,6.30,7.88,6.30,6
PAF8,PERLA ARROZ FINA 0.8,12.75,12.75,15.94,12.75,6
PAF9,PERLA ARROZ FINA 0.9,14.85,14.85,18.57,14.85,6
PERL10,PERLA FINA # 9 - # 10 - # 11,11.25,11.25,13.50,11.25,6
PFP10,PERLA FINA PASTILLA # 10,13.50,13.50,16.88,13.50,6
PJAP10,PERLA JAPONESA # 10,1.10,1.10,1.38,1.10,6
PJAP12,PERLA JAPONESA # 12,1.25,1.25,1.57,1.25,6
PJAP14,PERLA JAPONESA # 14,2.00,2.00,2.50,2.00,6
PJAP16,PERLA JAPONESA # 16,3.42,3.42,4.11,3.42,6
PJAP4,PERLA JAPONESA 0.4,0.50,0.50,0.63,0.50,6
PJAP6,PERLA JAPONESA 0.6,0.60,0.60,0.75,0.60,6
PJAP8,PERLA JAPONESA 0.8,0.75,0.75,0.94,0.75,6
PJAG,PERLA JAPONESA ARRUGADA GOTA,1.70,1.70,1.79,1.70,6
PJAPC,PERLA JAPONESA CASCAJO,0.60,0.60,0.60,0.60,6
PJM6,PERLA JAPONESA MATE # 0.6,0.50,0.50,0.50,0.50,6
PJM8,PERLA JAPONESA MATE # 0.8,0.67,0.67,0.67,0.67,6
PJM10,PERLA JAPONESA MATE # 10,0.85,0.85,0.85,0.85,6
PJM12,PERLA JAPONESA MATE # 12,1.00,1.00,1.00,1.00,6
PJM14,PERLA JAPONESA MATE # 14,1.50,1.50,1.50,1.50,6
PJM16,PERLA JAPONESA MATE # 16,2.00,2.00,2.00,2.00,6
PJM,PERLA JAPONESA MEDIANA,0.89,0.89,0.89,0.89,6
PAH3/7,PERLA NAT. HUEVO3/7 GD.,12.75,12.75,15.90,12.75,6
PNACO,PERLA NATURAL COLOR,1.20,1.20,1.51,1.20,6
PERP4,PERLA PLASTICA # 4,0.30,0.30,0.38,0.30,6
PERP5,PERLA PLASTICA # 5,0.30,0.30,0.38,0.30,6
PPF,PERLA PLASTICA FUNDA,2.16,2.16,2.16,2.16,6
PPFG,PERLA PLASTICA FUNDA FD/GR.,6.90,6.90,8.28,6.90,3
PPS8,PERLA PLASTICA SARTA #  8,0.90,0.90,1.13,0.90,6
PPS10,PERLA PLASTICA SARTA # 10,1.25,1.25,1.57,1.25,6
PPS12,PERLA PLASTICA SARTA # 12,1.40,1.40,1.75,1.40,6
PPS14,PERLA PLASTICA SARTA # 14,1.75,1.75,2.19,1.75,6
PPS20,PERLA PLASTICA SARTA # 20,3.25,3.25,4.07,3.25,6
PPS6,PERLA PLASTICA SARTA # 6,0.75,0.75,0.94,0.75,6
PPS16,PERLA PLASTICA SARTA# 16,2.95,2.95,3.69,2.95,6
PVHAN,PERLA VELA HORIZONTAL ANCHA,14.00,14.00,17.50,14.00,6
PVNAT,PERLA VELA NATURAL,9.80,9.80,12.25,9.80,6
PVREC,PERLA VELA RECTANGULO,14.00,14.00,17.50,14.00,6
PORRECT,PIED OVAL ROMBO-RECT,10.50,10.50,12.60,10.50,6
PNT13TI,PIED. NAT. TAMBOR 13X18 TI,6.90,6.90,8.28,6.90,6
PNVMT,PIED. NAT.V/M. TIRA,5.00,5.00,6.00,5.00,6
POGDRT,PIED. O/ GATO DIJE RECT. TIRA,3.90,3.90,4.88,3.90,6
POG14TI,PIED. O/GATO BOLA #14 TIR,4.50,4.50,5.40,4.50,6
POTRGT,PIED.O/TIGRE RECT.GR TIR,13.50,13.50,16.20,13.50,6
POTRMT,PIED.O/TIGRE RECT.MD TIR,9.00,9.00,10.80,9.00,6
PIOTRG,PIED.OJO DE TIGRE RECT. GRANDE,1.29,1.29,1.29,1.29,6
PIOTRM,PIED.OJO DE TIGRE RECT. MED.,1.00,1.00,1.00,1.00,6
PAJA,PIEDRA AGATA / JADE ARGOLLA,3.00,3.00,3.75,3.00,6
PA6B,PIEDRA AGATA 6 BORDES 10x30,0.80,0.80,0.80,0.80,6
PA6B10T,PIEDRA AGATA 6 BORDES 10x30 TI,7.50,7.50,9.38,7.50,6
PADR,PIEDRA AGATA DIJE REDONDA,0.45,0.45,0.45,0.45,6
PAEN,PIEDRA AGATA ENTORCHADA,3.35,3.35,4.69,3.35,6
PAE10,PIEDRA AGATA ENTORCHADA # 10,6.50,6.50,8.13,6.50,6
PAE14,PIEDRA AGATA ENTORCHADA # 14,8.00,8.00,10.00,8.00,6
PAE12,PIEDRA AGATA ENTORCHADA #12,7.00,7.00,8.75,7.00,6
PAFB8,PIEDRA AGATA FACETEADA BOLA # 08,8.00,8.00,10.00,8.00,6
PANPTI,PIEDRA AGATA NAT. PASTILLA TIRA,5.35,5.35,6.42,5.35,6
PANP,PIEDRA AGATA NATURAL PASTILLA,0.00,0.00,0.30,0.00,6
PAO10,PIEDRA AGATA OVALO 10 x 30,7.50,7.50,9.38,7.50,6
PAO12,PIEDRA AGATA OVALO 12 X 40,0.90,0.90,0.90,0.90,6
PAROM,PIEDRA AGATA ROMBO,7.00,7.00,8.82,7.00,6
PAR20,PIEDRA AGATA ROMBO 20 X 32,4.50,4.50,5.63,4.50,6
PAR35,PIEDRA AGATA ROMBO 35 X 35,5.50,5.50,6.88,5.50,6
PARP,PIEDRA AGATA ROMBO PLANO,4.90,4.90,6.13,4.90,6
PART,PIEDRA ARTIFICIAL,1.54,1.54,1.54,1.54,6
PARTF,PIEDRA ARTIFICIAL FD/GD,9.80,9.80,11.76,9.80,3
PIB10,PIEDRA BOLA # 10,3.40,3.40,4.08,3.40,6
PIB12,PIEDRA BOLA # 12,3.80,3.80,4.56,3.80,6
PIB04,PIEDRA BOLA # 4,1.90,1.90,2.37,1.90,6
PIB06,PIEDRA BOLA # 6,2.50,2.50,3.00,2.50,6
PIB08,PIEDRA BOLA # 8,2.90,2.90,3.48,2.90,6
PCC,PIEDRA CONCHA CIRUELO,0.75,0.75,0.75,0.75,6
PCCG,PIEDRA CONCHA CIRUELO GDE,1.95,1.95,2.44,1.95,6
PICG,PIEDRA CONCHA GRANDE,0.65,0.65,0.82,0.65,6
PCNA,PIEDRA CONCHA NACAR,0.50,0.50,0.63,0.50,6
PCNAT,PIEDRA CONCHA NATURAL,0.65,0.65,0.78,0.65,6
PIGT,PIEDRA GRANDE TRANSPARENTE,5.00,5.00,6.25,5.00,6
PMB10,PIEDRA MALAKITA BOLA # 10,6.50,6.50,8.13,6.50,6
PMB12,PIEDRA MALAKITA BOLA # 12,8.00,8.00,10.00,8.00,6
PMB14,PIEDRA MALAKITA BOLA # 14,9.50,9.50,11.88,9.50,6
PMB08,PIEDRA MALAKITA BOLA #08,5.00,5.00,6.25,5.00,6
PIEA,PIEDRA MATISTA,5.50,5.50,6.88,5.50,6
PAB4,PIEDRA MATISTA BOLA # 04,4.00,4.00,5.00,4.00,6
PAB6,PIEDRA MATISTA BOLA # 06,5.20,5.20,6.50,5.20,6
PAB8,PIEDRA MATISTA BOLA # 08,6.50,6.50,8.13,6.50,6
PAB10,PIEDRA MATISTA BOLA # 10,7.50,7.50,9.38,7.50,6
PAB12,PIEDRA MATISTA BOLA # 12,8.50,8.50,10.63,8.50,6
PIACO,PIEDRA MATISTA CORAZON,10.00,10.00,12.50,10.00,6
PNC11X14,PIEDRA NAT CILINDRO 11X14 NUEVA,5.50,5.50,6.88,5.50,6
PNO12X4T,PIEDRA NAT OVALO 12X40T,8.50,8.50,10.63,8.50,6
PN6B10TI,PIEDRA NAT.6BORDES 10X30TIRA,13.00,13.00,15.60,13.00,6
PNB2HGT,PIEDRA NAT.BENTURINA 2H.GRAND T,6.75,6.75,8.10,6.75,6
PNRGTIR,PIEDRA NAT.RECTANGULO GRANDE TI,7.50,7.50,9.00,7.50,6
PIN08,PIEDRA NATURAL # 08,5.00,5.00,6.25,5.00,6
PIEN10,PIEDRA NATURAL # 10,6.50,6.50,8.13,6.50,6
PIEN12,PIEDRA NATURAL # 12,7.00,7.00,8.75,7.00,6
PIEN14,PIEDRA NATURAL # 14,7.50,7.50,9.38,7.50,6
PN6B10,PIEDRA NATURAL 6 BORDES 10 X 30,1.15,1.15,1.15,1.15,6
PNB2HG,PIEDRA NATURAL BENTURINA 2 HUECOS GD.,0.37,0.37,0.37,0.37,6
PNB2HP,PIEDRA NATURAL BENTURINA 2 HUECOS PQ.,6.50,6.50,8.13,6.50,6
PNBB08,PIEDRA NATURAL BENTURINA BOLA #8,3.50,3.50,4.38,3.50,6
PNBB12,PIEDRA NATURAL BENTURINA BOLA# 12,4.80,4.80,6.00,4.80,6
PNBB10,PIEDRA NATURAL BENTURINA BOLA#10,4.00,4.00,5.00,4.00,6
PINBTA,PIEDRA NATURAL BENTURINA TAMBOR 11x14,3.90,3.90,4.88,3.90,6
PINB06,PIEDRA NATURAL BOLA # 06,4.50,4.50,5.63,4.50,6
PINB08,PIEDRA NATURAL BOLA # 08,5.00,5.00,6.25,5.00,6
PINB10,PIEDRA NATURAL BOLA # 10,6.00,6.00,7.50,6.00,6
PINB12,PIEDRA NATURAL BOLA # 12,6.90,6.90,8.63,6.90,6
PNB14TIR,PIEDRA NATURAL BOLA # 14TIRA,7.00,7.00,8.40,7.00,6
PINB04,PIEDRA NATURAL BOLA # 4,3.50,3.50,4.38,3.50,6
PINB14,PIEDRA NATURAL BOLA /14,0.32,0.32,0.32,0.32,6
PNBC6,PIEDRA NATURAL BOLA CORTADA # 06,5.00,5.00,6.25,5.00,6
PINC11,PIEDRA NATURAL CILINDRO 11 X 14,3.90,3.90,4.88,3.90,6
PNC11C,PIEDRA NATURAL CILINDRO 11 X 14 C/BRILLO,7.00,7.00,8.75,7.00,6
PINC13,PIEDRA NATURAL CILINDRO 13 X 18,0.00,0.00,0.38,0.00,6
PC13X18T,PIEDRA NATURAL CILINDRO 13X18 TIRA,6.90,6.90,8.28,6.90,6
PIENDI,PIEDRA NATURAL DIJE,0.68,0.68,0.68,0.68,6
PIENDP,PIEDRA NATURAL DIJE PASTILLA,4.95,4.95,6.19,4.95,6
PINDITIR,PIEDRA NATURAL DIJE TIRA,5.30,5.30,6.36,5.30,6
PNG10,PIEDRA NATURAL GOTA 10 X 14,3.90,3.90,4.88,3.90,6
PNG13,PIEDRA NATURAL GOTA 13 X 18,0.29,0.29,0.29,0.29,6
PNG13TI,PIEDRA NATURAL GOTA 13X18 TIRA,4.95,4.95,5.94,4.95,6
PNG07,PIEDRA NATURAL GOTA 7 X 9,3.00,3.00,3.78,3.00,6
PNG09,PIEDRA NATURAL GOTA 9 X 12,3.80,3.80,4.75,3.80,6
PNO12,PIEDRA NATURAL OVALO 12x40,1.07,1.07,1.07,1.07,6
PNREC,PIEDRA NATURAL RECTANGULO,4.30,4.30,5.38,4.30,6
PIENRG,PIEDRA NATURAL RECTANGULO GRANDE,0.59,0.59,0.59,0.59,6
PIENRM,PIEDRA NATURAL RECTANGULO MEDIANA,0.62,0.62,0.62,0.62,6
PINT11,PIEDRA NATURAL TAMBOR 11 X 14,3.90,3.90,4.88,3.90,6
PINT13,PIEDRA NATURAL TAMBOR 13 X 18,0.39,0.39,0.39,0.39,6
PIENVM,PIEDRA NATURAL VARIOS MODELOS,0.50,0.50,0.63,0.50,6
POGAX100,PIEDRA OJO DE GATO ATACHE,6.00,6.00,7.20,6.00,6
PIEOGA,PIEDRA OJO DE GATO ATACHE,0.08,0.08,0.08,0.08,6
POGB10,PIEDRA OJO DE GATO BOLA # 10,2.50,2.50,3.15,2.50,6
POGB12,PIEDRA OJO DE GATO BOLA # 12,3.25,3.25,4.06,3.25,6
POGB14,PIEDRA OJO DE GATO BOLA # 14,0.22,0.22,0.28,0.22,6
POGB06,PIEDRA OJO DE GATO BOLA # 6,1.20,1.20,1.51,1.20,6
POGB08,PIEDRA OJO DE GATO BOLA # 8,1.60,1.60,2.02,1.60,6
POGCUA,PIEDRA OJO DE GATO CUADRADO,2.50,2.50,3.13,2.50,6
POGD04,PIEDRA OJO DE GATO DIAMANTE # 04,2.50,2.50,3.15,2.50,6
POGD06,PIEDRA OJO DE GATO DIAMANTE # 06,2.75,2.75,3.44,2.75,6
POGD08,PIEDRA OJO DE GATO DIAMANTE # 08,3.00,3.00,3.78,3.00,6
POGD10,PIEDRA OJO DE GATO DIAMANTE # 10,3.60,3.60,4.50,3.60,6
POGD12,PIEDRA OJO DE GATO DIAMANTE # 12,4.25,4.25,5.31,4.25,6
PIOGDR,PIEDRA OJO DE GATO DIJE RECT.,0.30,0.30,0.30,0.30,6
POGDRP,PIEDRA OJO DE GATO DIJE RECTANG./PQ,2.75,2.75,3.44,2.75,6
PIEOGE,PIEDRA OJO DE GATO ENTORCHADO,3.90,3.90,4.88,3.90,6
PIEOGP,PIEDRA OJO DE GATO PASTILLA,2.50,2.50,3.13,2.50,6
POTB06,PIEDRA OJO DE TIGRE BOLA # 06,4.50,4.50,5.62,4.50,6
POTB08,PIEDRA OJO DE TIGRE BOLA # 08,5.50,5.50,6.88,5.50,6
POTB10,PIEDRA OJO DE TIGRE BOLA # 10,7.50,7.50,9.38,7.50,6
POTB12,PIEDRA OJO DE TIGRE BOLA # 12,9.50,9.50,11.88,9.50,6
POTB14,PIEDRA OJO DE TIGRE BOLA # 14,10.00,10.00,12.50,10.00,6
POTB04,PIEDRA OJO DE TIGRE BOLA #4,4.00,4.00,5.00,4.00,6
POTC12,PIEDRA OJO DE TIGRE CORAZON #12,8.50,8.50,10.63,8.50,6
POTC06,PIEDRA OJO DE TIGRE CUADRADO # 06,5.50,5.50,6.88,5.50,6
POTC10,PIEDRA OJO DE TIGRE CUBO 10 x 10 x 10,7.00,7.00,8.75,7.00,6
POTO10,PIEDRA OJO DE TIGRE OVALO 10 X 30,9.50,9.50,11.88,9.50,6
POTO12,PIEDRA OJO DE TIGRE OVALO 12 x 40,1.25,1.25,1.25,1.25,6
POTR10,PIEDRA OJO DE TIGRE ROMBO 10 x 10,6.50,6.50,8.13,6.50,6
POTR14,PIEDRA OJO DE TIGRE ROMBO 14 x 14,8.50,8.50,10.63,8.50,6
POTR19,PIEDRA OJO DE TIGRE ROMBO 19 x 29,11.50,11.50,14.38,11.50,6
POTR25,PIEDRA OJO DE TIGRE ROMBO 25 x 35,13.50,13.50,16.88,13.50,6
PIDOTT,PIEDRA OJO DE TIGRE TUBO,5.50,5.50,6.88,5.50,6
PIOTTP,PIEDRA OJO DE TIGRE TUBO PEQ.,4.50,4.50,5.63,4.50,6
POGT,PIEDRA OVALADA GRANDE T,14.00,14.00,17.50,14.00,6
POGUN,PIEDRA OVALADA GRANDE UN,1.40,1.40,1.75,1.40,6
PIEVMO,PIEDRA VARIOS MODELOS ONIX,5.00,5.00,6.25,5.00,6
PIVB10,PIEDRA VITRO FUSION BOLA # 10,4.50,4.50,5.63,4.50,6
PIVB12,PIEDRA VITRO FUSION BOLA # 12,4.50,4.50,5.63,4.50,6
PIVG12,PIEDRA VITRO FUSION GOTA 12x20,0.23,0.23,0.23,0.23,6
PIVT10,PIEDRA VITRO FUSION TUBO 10x10,4.50,4.50,5.63,4.50,6
PVB10N,PIEDRA VITRO-FUSION BOLA # 10 NUEVA,4.90,4.90,5.88,4.90,6
PPHG,PINZ.  PARA HUECO GRANDE,4.50,4.50,5.63,4.50,6
PINZALI,PINZA ALICATE,1.25,1.25,1.57,1.25,6
PINZBFI,PINZA DE BISUTERIA FINA,0.60,0.60,0.76,0.60,6
PINFPP,PINZA FINA PUNTA PLANA,1.25,1.25,1.50,1.25,6
PINFPR,PINZA FINA PUNTA REDONDA,1.25,1.25,1.57,1.25,6
PINMUL,PINZA MULTIUSO,2.00,2.00,2.40,2.00,6
PINZAE,PINZA PARA ELASTICO,0.25,0.25,0.31,0.25,6
PPHH,PINZA PARA HACER HUECOS,3.50,3.50,4.20,3.50,6
PINPPL,PINZA PUNTA PLANA,1.40,1.40,1.75,1.40,6
PINPR,PINZA PUNTA REDONDA,1.68,1.68,2.10,1.68,6
PORCE,PORCELANATO,3.00,3.00,3.00,3.00,6
12345,propp,9.00,7.00,9.00,9.00,10
123,prueba,0.30,0.10,0.90,0.30,6
PDBBPX12,PULS.DIAMT DE BRASIL BOLA/PLANCHA x 12,3.50,3.50,4.38,3.50,6
PULSAG,PULSERA AGATA,3.90,3.90,4.88,3.90,6
PULSDIA,PULSERA CON DIAMANTE,5.80,5.80,5.80,5.80,6
PULCN,PULSERA CONCHA NATURAL,1.25,1.25,1.50,1.25,6
PULCNOF,PULSERA CONCHA NATURAL OFERTA,0.45,0.45,0.45,0.45,6
PRGT,PULSERA DE RECORTE GRANDE TAGUA,1.79,1.79,1.79,1.79,6
PRMT,PULSERA DE RECORTE MED. TAGUA,0.68,0.68,0.68,0.68,6
PDBTX12,PULSERA DIAMANTE DE BRASIL TUBO x 12,1.30,1.30,1.56,1.30,6
PULGTA,PULSERA GOTA TAGUA,1.20,1.20,1.50,1.20,6
PMPL,PULSERA MADERA CON PLACA LARGA,0.78,0.78,0.98,0.78,6
PPM,PULSERA PEPA MADERA,0.42,0.42,0.44,0.42,6
PULC,PULSERAS DE COCO,0.75,0.75,0.75,0.75,6
RAND14,RANDELA # 14,8.25,8.25,10.31,8.25,6
RAND12,RANDELAS # 12,6.05,6.05,7.57,6.05,6
RAND10,RANDELAS - BOLA # 10,5.75,5.75,7.19,5.75,6
RBBO08,RANDELAS - BOLA # 8,5.25,5.25,6.56,5.25,6
RRBO04,RANDELAS - ROMBO - BOLA # 04,3.25,3.25,4.06,3.25,6
RRBO06,RANDELAS - ROMBO- BOLA # 6,4.75,4.75,5.94,4.75,6
REATXR,REATA x ROLLO,9.60,9.60,12.00,9.60,6
RECTAG,RECORTE TAGUA,0.08,0.08,0.10,0.08,6
RMETMU,RELOJ METALICO PARA MUJER,4.00,4.00,4.00,4.00,6
RELHOM,RELOJ PARA HOMBRE,4.00,4.00,4.00,4.00,6
RPUYCO,RELOJ PARA PULSERA Y COLLAR,2.90,2.90,3.63,2.90,6
RC/B,RESORTES COBRE / BRONCE,0.53,0.53,0.53,0.53,6
RC/BF,RESORTES COBRE / BRONCE FDA/GDE,4.00,4.00,4.80,4.00,6
RESNIQF,RESORTES FDA/GDE,6.00,6.00,7.20,6.00,6
RESNIQ,RESORTES NIQUEL,0.75,0.75,0.75,0.75,6
REB2X2,RETENEDOR BOLA 2 x 2,2.31,2.31,2.31,2.31,6
REB2X2F,RETENEDOR BOLA 2 x 2 FDA/GDE,18.50,18.50,22.20,18.50,3
RTU1X1,RETENEDOR TUBO 1.5 x 1.5,0.59,0.59,0.59,0.59,6
RTU1X1F,RETENEDOR TUBO 1.5 x 1.5  FDA/GDE,4.50,4.50,5.40,4.50,3
RTU2X1,RETENEDOR TUBO 2 x 1,0.76,0.76,0.76,0.76,6
RTU2X1F,RETENEDOR TUBO 2 x 1 FDA/GDE,6.00,6.00,7.20,6.00,6
REVI11,REVISTA # 11,2.00,2.00,2.40,2.00,6
REVI07,REVISTA #7,2.10,2.10,2.63,2.10,6
R56891,REVISTA ( 5 - 6 - 8-9-10,1.75,1.75,2.19,1.75,6
REVI23,REVISTA DE BISUTERIA 2-3-4,1.50,1.50,1.88,1.50,6
RALJG,ROLLO ALAMBRE DE JOYERIA/GDE,1.50,1.50,1.89,1.50,6
RALJP,ROLLO ALAMBRE JOYERIA PEQ/,0.50,0.50,0.60,0.50,6
ROLLCS,ROLLO CORDON DE SEDA,5.50,5.50,5.50,5.50,6
ROALGU,ROLLO DE ALAMBRE / GUAYA,1.50,1.50,1.88,1.50,6
RH/TEJ,ROLLO HILO PARA TEJER,5.50,5.50,6.93,5.50,3
RHP/DP,ROLLO HILO PLATEADO/DORADO PEQ/,0.50,0.50,0.60,0.50,6
RN/ELAS,ROLLO NAYLON ELASTICO,9.50,9.50,11.40,9.50,6
ROSARIO,ROSARIO,2.68,2.68,2.68,2.68,6
SEPD10,SEP. DIAMANTE # 10,0.00,0.00,0.17,0.00,6
SD10X100,SEP. DIAMANTE # 10 X 100,12.80,12.80,15.36,12.80,3
SEPD06,SEP. DIAMANTE # 6,0.11,0.11,0.11,0.11,6
SD08X100,SEP. DIAMANTE # 8 X 100,9.50,9.50,11.40,9.50,3
SEDTC3,SEP. DIAMANTE TUBO-CILINDRO 3X10,0.85,0.85,1.07,0.85,6
SEDTC1,SEP.DMANTE TUBO-CILINDRO 2X10,0.75,0.75,0.94,0.75,6
SB14HG,SEPARADOR  BOLA # 14 HUECO GRANDE,0.40,0.40,0.50,0.40,6
S10HCB,SEPARADOR 10 HUECOS COBRE/B,0.99,0.99,0.99,0.99,6
S10HCBF,SEPARADOR 10 HUECOS COBRE/B. FDA/GDE.,7.90,7.90,9.48,7.90,3
SE10HF,SEPARADOR 10 HUECOS FINO,0.88,0.88,0.88,0.88,6
SE10HFF,SEPARADOR 10 HUECOS FINO FDA/GDE,7.00,7.00,8.40,7.00,6
SE10HG,SEPARADOR 10 HUECOS GRUESO,0.99,0.99,0.99,0.99,6
SE10HGF,SEPARADOR 10 HUECOS GRUESO FDA/GDE,7.90,7.90,9.48,7.90,3
SE2HCD,SEPARADOR 2 HUECOS CON DIAMANTE,0.35,0.35,0.44,0.35,6
SB10HD,SEPARADOR BOLA # 10 CON DIAMANTE,0.90,0.90,1.13,0.90,6
SBV6,SEPARADOR BOLA VACIA # 06,1.13,1.13,1.13,1.13,6
SBV6F,SEPARADOR BOLA VACIA # 06 FDA/ GDE,9.00,9.00,10.80,9.00,6
SBV8,SEPARADOR BOLA VACIA # 08,1.31,1.31,1.31,1.31,6
SBV8F,SEPARADOR BOLA VACIA # 08 FDA/GDE,10.50,10.50,12.60,10.50,3
SBV10,SEPARADOR BOLA VACIA # 10,1.69,1.69,1.69,1.69,6
SBV10F,SEPARADOR BOLA VACIA # 10 FDA/GDE,13.50,13.50,16.20,13.50,3
SBV12,SEPARADOR BOLA VACIA # 12,2.16,2.16,2.16,2.16,6
SBV12F,SEPARADOR BOLA VACIA # 12 FDA/GDE,18.00,18.00,21.60,18.00,6
SEPCAM,SEPARADOR CAMPANA,1.56,1.56,1.56,1.56,6
SEPCAMF,SEPARADOR CAMPANA FDA/GDE,12.50,12.50,15.00,12.50,6
SCAMM,SEPARADOR CAMPANA MEDIANA,0.75,0.75,0.75,0.75,6
SCAMMF,SEPARADOR CAMPANA MEDIANA FDA/GDE,6.00,6.00,7.20,6.00,6
SECI10,SEPARADOR CILINDRO 10 X 15,0.50,0.50,0.63,0.50,6
SEPCAT,SEPARADOR CON ATACHE.,0.20,0.20,0.25,0.20,6
SDEM10,SEPARADOR CON DIAMANTE EN MEDIO # 10,0.30,0.30,0.38,0.30,6
SDEM12,SEPARADOR CON DIAMANTE EN MEDIO # 12,0.35,0.35,0.45,0.35,6
SDEM08,SEPARADOR CON DIAMANTE EN MEDIO # 8,0.27,0.27,0.34,0.27,6
SD06X100,SEPARADOR DIAMANTE # 6,7.80,7.80,9.36,7.80,3
SEPD08,SEPARADOR DIAMANTE # 8,0.13,0.13,0.13,0.13,6
SEPD2H,SEPARADOR DIAMANTE 2 HUECOS,0.30,0.30,0.38,0.30,6
SED3HF,SEPARADOR DIAMANTE 3 HUECOS FINO,0.35,0.35,0.44,0.35,6
SEP5H,SEPARADOR DIAMANTE 5 HUECOS,0.45,0.45,0.57,0.45,6
SEPDAN,SEPARADOR DIAMANTE ANILLO,0.95,0.95,1.19,0.95,6
SEDB12,SEPARADOR DIAMANTE BOLA # 12,0.65,0.65,0.82,0.65,6
SEDB14,SEPARADOR DIAMANTE BOLA # 14,0.90,0.90,1.13,0.90,6
SEDB16,SEPARADOR DIAMANTE BOLA # 16,1.10,1.10,1.38,1.10,6
SEDB1618,SEPARADOR DIAMANTE BOLA # 16-18,1.20,1.20,1.50,1.20,6
SDB18N,SEPARADOR DIAMANTE BOLA # 18 NUEVA,3.00,3.00,3.75,3.00,6
SEDB06,SEPARADOR DIAMANTE BOLA # 6,0.40,0.40,0.50,0.40,6
SEDB08,SEPARADOR DIAMANTE BOLA # 8,0.45,0.45,0.57,0.45,6
SEDB10,SEPARADOR DIAMANTE BOLA #10,0.55,0.55,0.69,0.55,6
SDB4X9,SEPARADOR DIAMANTE BOLA 4 X 9,0.80,0.80,1.00,0.80,6
SDC7X1,SEPARADOR DIAMANTE CILINDRO 7 X 10,1.50,1.50,1.88,1.50,6
SDC2X2,SEPARADOR DIAMANTE CUBO 2X2,0.85,0.85,1.07,0.85,6
SDC2X1,SEPARADOR DIAMANTE CUBO 2X2X1,0.75,0.75,0.94,0.75,6
SDC3X3,SEPARADOR DIAMANTE CUBO 3X3,1.85,1.85,2.31,1.85,6
SEPDHO,SEPARADOR DIAMANTE HOJA,0.55,0.55,0.69,0.55,6
SEDOGR,SEPARADOR DIAMANTE OVALO GDE.,0.60,0.60,0.75,0.60,6
SDR2X23,SEPARADOR DIAMANTE RECT. 2X2X3,2.50,2.50,3.13,2.50,6
SEDT05,SEPARADOR DIAMANTE TUBO # 05,1.25,1.25,1.57,1.25,6
SDT4X1,SEPARADOR DIAMANTE TUBO 4X10,1.00,1.00,1.25,1.00,6
SDT5X1,SEPARADOR DIAMANTE TUBO 5X10,1.35,1.35,1.69,1.35,6
SDT6X1,SEPARADOR DIAMANTE TUBO 6X10,1.75,1.75,2.19,1.75,6
SDT6X8,SEPARADOR DIAMANTE TUBO 6X8,1.50,1.50,1.88,1.50,6
SFCDGR,SEPARADOR FLOR CON DIAMANTE GDE.,0.45,0.45,0.57,0.45,6
SFCDPQ,SEPARADOR FLOR CON DIAMANTE PEQ.,0.30,0.30,0.38,0.30,6
SFLORL,SEPARADOR FLOR DE LATA,1.50,1.50,1.50,1.50,6
SFLORLF,SEPARADOR FLOR DE LATA /FDA/GD.,12.50,12.50,15.00,12.50,6
SEPHOJ,SEPARADOR HOJA,0.75,0.75,0.75,0.75,6
SEPHOJF,SEPARADOR HOJA FDA/GDE,6.00,6.00,7.20,6.00,6
SEPMEA,SEPARADOR METALICO A,1.69,1.69,1.69,1.69,6
SEPMEAF,SEPARADOR METALICO A FDA/GDE,13.50,13.50,16.20,13.50,3
SMOFF,SEPARADOR METALICO A OFERTA FDA/GDE,7.00,7.00,7.00,7.00,6
SMOF,SEPARADOR METALICO A OFERTA FDA/PEQ,0.77,0.77,0.77,0.77,6
SDT14,SEPARADR DIAMANTE TUBO # 14,2.50,2.50,3.13,2.50,6
SLIQUI,SILICON LIQUIDO,0.45,0.45,0.57,0.45,6
SLIQX100,SILICON LIQUIDO x 100g,0.95,0.95,1.19,0.95,6
SARTM,SOBRE PARA ARETE MEDIANO,1.95,1.95,2.44,1.95,6
SARTL,SOBRE PARA COLLAR LARGO,2.80,2.80,3.36,2.80,6
SARTCM,SOBRE PARA COLLAR MEDIANO,4.50,4.50,5.63,4.50,6
SOB/A,SOBRES PARA ARETE,1.88,1.88,2.26,1.88,6
SOB/C,SOBRES PARA COLLAR,6.88,6.88,6.88,6.88,6
SOB/P,SOBRES PARA PULSERA,2.75,2.75,3.30,2.75,6
SDIYCA,SUJETADOR DE DIJE  Y CADENA,0.75,0.75,0.94,0.75,6
SUDIJE,SUJETADOR DE DIJE FINO,0.55,0.55,0.68,0.55,6
SDIJEG,SUJETADOR DE DIJE GRANDE,0.19,0.19,0.19,0.19,6
SDIJEGX100,SUJETADOR DE DIJE GRANDE X100,15.00,15.00,18.00,15.00,6
SHGX100,SUJETADOR DE DIJE GRANDE X100,15.00,15.00,18.00,15.00,6
SDIHGR,SUJETADOR DE DIJE HOJA GRANDE,0.11,0.11,0.11,0.11,6
SDHGX100,SUJETADOR DE DIJE HOJA GRANDE,9.00,9.00,10.80,9.00,6
SDIJPE,SUJETADOR DE DIJE PEGABLE,0.09,0.09,0.12,0.09,6
SDPX12,SUJETADOR DE DIJE PEGABLE/DOC,0.17,0.17,0.17,0.17,6
SDSEN,SUJETADOR DE DIJE SENCILLO,0.56,0.56,0.56,0.56,6
S/ELAS,SUJETADOR DE ELASTICO,0.47,0.47,0.47,0.47,6
S/ELASF,SUJETADOR DE ELASTICO FDA/GDE,3.75,3.75,4.50,3.75,3
SDSENF,SUJETADOR DIJE SENCILLO FDA/GDE,4.50,4.50,5.40,4.50,3
TAJTAG,TAJADITAS,0.12,0.12,0.16,0.12,6
TAB,TAPA ARETE BARRIL,1.56,1.56,1.56,1.56,6
TABF,TAPA ARETE BARRIL FDA/GDE,12.50,12.50,15.00,12.50,6
TAPLAS,TAPA ARETE PLASTICO,0.30,0.30,0.30,0.30,6
TAPLASF,TAPA ARETE PLASTICO FDA/GDE,2.00,2.00,2.40,2.00,6
TAASOM,TAPA ARETE SOMBRERO,2.25,2.25,2.25,2.25,6
TAASOMF,TAPA ARETE SOMBRERO FDA/GDE,18.00,18.00,21.60,18.00,6
TDPC,TAPA DIJE PARA CELULAR FDA/PQ.,0.94,0.94,0.94,0.94,6
TDPCF,TAPA DIJE PARA CELULAR X1000 FDA/GDE,7.50,7.50,9.00,7.50,6
TAPN2H,TAPA NUDO 2 HUECOS,1.13,1.13,1.13,1.13,6
TAPN2HF,TAPA NUDO 2 HUECOS FDA/GDE,9.00,9.00,10.80,9.00,6
TAPN3H,TAPA NUDO 3 HUECOS,1.13,1.13,1.13,1.13,6
TAPN3HF,TAPA NUDO 3 HUECOS FDA/GDE,9.00,9.00,10.80,9.00,6
TAPNB,TAPA NUDO BRONCE,0.75,0.75,0.75,0.75,6
TAPNBF,TAPA NUDO BRONCE FDA/GDE,6.00,6.00,7.20,6.00,6
TAPNNI,TAPA NUDO NIQUEL,0.69,0.69,0.69,0.69,6
TAPNNIF,TAPA NUDO NIQUEL FDA/GDE,5.50,5.50,6.60,5.50,3
TCMEDI,TERMINAL CUERO MEDIANO,0.25,0.25,0.25,0.25,6
TCMEDIF,TERMINAL CUERO MEDIANO FDA/GDE,2.00,2.00,2.40,2.00,6
TCPEQU,TERMINAL CUERO PEQUENO,0.23,0.23,0.23,0.23,6
TERCAD,TERMINAL DE CADENA,0.81,0.81,0.81,0.81,6
TERCADF,TERMINAL DE CADENA FDA/GDE,6.50,6.50,7.80,6.50,3
TIJER3,TIJERA # 3,2.25,2.25,2.82,2.25,6
TIJER4,TIJERA # 4,1.25,1.25,1.57,1.25,6
TIJER5,TIJERA # 5,1.00,1.00,1.25,1.00,6
TCALA,TIJERA CORTA ALAMBRE,1.00,1.00,1.25,1.00,6
TCDOR,TIJERA DORADA,4.50,4.50,5.63,4.50,6
TCC1.0X1,TIRA  CONCHA CIRUELO 1.0 x 1.0,0.95,0.95,1.14,0.95,6
TCR1.5X2,TIRA CIRUELO RECTANGULAR 1.5 x 2.0,1.65,1.65,2.07,1.65,6
TC10X3M,TIRA CONCHA 10 X 30 MED.,1.50,1.50,1.88,1.50,6
TC15X3G,TIRA CONCHA 15 x 30 GDE.,1.70,1.70,2.13,1.70,6
TC8X17P,TIRA CONCHA 8 X 17 PEQ.,1.30,1.30,1.63,1.30,6
TCNC,TIRA CONCHA NATURAL COLOR,0.95,0.95,1.20,0.95,6
TCD,TIRA CUERO DOBLE,1.50,1.50,1.87,1.50,6
TCENP,TIRA CUERO ENTRENSADA PEQ.,0.95,0.95,1.19,0.95,6
TCEXR,TIRA DE CUERO EXPANDIBLE x ROLLO,9.60,9.60,12.00,9.60,6
TCXRG,TIRA DE CUERO x ROLLO GDE,9.60,9.60,12.00,9.60,6
TMEDCI,TIRA MEDIANA PARA CINTURON,1.65,1.65,2.06,1.65,6
TICINTU,TIRA PARA CINTURON,0.95,0.95,1.19,0.95,6
TCINAN,TIRA PARA CINTURON ANCHA,2.70,2.70,3.38,2.70,6
PIGA,TIRA PIEDRA GRANDE AMATISTA,3.50,3.50,4.38,3.50,6
TIRAP1,TIRA PLASTICA # 1,1.00,1.00,1.25,1.00,6
TIRAP2,TIRA PLASTICA # 2,1.80,1.80,2.25,1.80,6
TIRAP4,TIRA PLASTICA # 4,2.00,2.00,2.50,2.00,6
TIRAP5,TIRA PLASTICA # 5,0.50,0.50,0.63,0.50,6
TPLASA,TIRA PLASTICA ANCHA,1.20,1.20,1.50,1.20,6
TPDANC,TIRA PLASTICA DOBLE  ANCHO,2.80,2.80,3.50,2.80,6
TPDAXRO,TIRA PLASTICA DOBLE  ANCHO ROLLO,25.20,25.20,30.24,25.20,6
TPAATA,TIRA PLASTICA PARA APLICAR ATACHE,0.50,0.50,0.63,0.50,6
TIRAPV,TIRA PLASTICA V/MODELOS,1.50,1.50,1.88,1.50,6
TICUE,TIRAS DE CUERO,1.08,1.08,1.30,1.08,6
TCURXRP,TIRAS DE CUERO x ROLLO PEQ.,4.50,4.50,5.63,4.50,6
TIRAGY,TIRAS DE GIPIUR,1.30,1.30,1.63,1.30,6
TIRGYM,TIRAS DE GIPIUR MEDIANA,0.95,0.95,1.19,0.95,6
TOQUEL,TROQUELES,25.00,25.00,31.25,25.00,6
TUBTAG,TUBITOS,0.06,0.06,0.06,0.06,6
TAF2X20,TUBO ARCO FINO 2 x 20,0.16,0.16,0.16,0.16,6
TAFX100,TUBO ARCO FINO 2X20 X100,13.00,13.00,15.60,13.00,6
TAF3X30,TUBO ARCO FINO 3 x 30,0.18,0.18,0.18,0.18,6
TENSAMF,TUBO DE EMSAMBLE FDA/GDE,18.00,18.00,21.60,18.00,6
TENSAM,TUBO DE ENSAMBLE / DOC,0.42,0.42,0.42,0.42,6
TENX100,TUBO DE ENSAMBLE x 100,2.80,2.80,3.36,2.80,3
TDTB,TUBO DIAMANTE TRICOLOR-BLANCO,2.00,2.00,2.50,2.00,6
TEARCO,TUBO ENTORCHADO ARCO,1.62,1.62,1.62,1.62,6
TEARCOF,TUBO ENTORCHADO ARCO FDA/GDE,13.00,13.00,15.60,13.00,6
TEREC2,TUBO ENTORCHADO RECTO 2 - 3,0.98,0.98,0.98,0.98,6
TEREC2F,TUBO ENTORCHADO RECTO 2 - 3 FDA/GDE,7.80,7.80,9.36,7.80,3
TEREC4,TUBO ENTORCHADO RECTO 4 - 5,1.22,1.22,1.22,1.22,6
TEREC4F,TUBO ENTORCHADO RECTO 4 - 5 FDA/GDE,9.75,9.75,11.70,9.75,3
TLLAA3,TUBO LLANO ARCO 2 - 3 cm,0.75,0.75,0.75,0.75,6
TLLAA3F,TUBO LLANO ARCO 2 - 3 cm FDA/GDE,6.00,6.00,7.20,6.00,6
TLLAA4,TUBO LLANO ARCO 4 - 5,1.13,1.13,1.13,1.13,6
TLLAA4F,TUBO LLANO ARCO 4 - 5 FDA/GDE,9.00,9.00,10.80,9.00,6
TLLARE,TUBO LLANO RECTO,0.75,0.75,0.75,0.75,6
TLLAREF,TUBO LLANO RECTO FDA/GDE MILLAR,6.00,6.00,7.20,6.00,6
UCB1.5,UNION DE CADENA BOLA 1.5 mm,0.50,0.50,0.50,0.50,6
UCB1.5F,UNION DE CADENA BOLA 1.5 mm FDA/GDE,4.00,4.00,4.80,4.00,6
UCB2.3,UNION DE CADENA BOLA 2.3 mm,0.56,0.56,0.56,0.56,6
UCB2.3F,UNION DE CADENA BOLA 2.3 mm FDA/GDE,4.50,4.50,5.40,4.50,3
UCBF1.5,UNION DE CADENA BOLA FINA 1.5,1.80,1.80,2.16,1.80,6
UCBF2.4,UNION DE CADENA BOLA FINA 2.4,1.90,1.90,2.40,1.90,6
UCBF3.2,UNION DE CADENA BOLA FINA 3.2,2.30,2.30,2.30,2.30,6
UCCR4.0,UNION DE CADENA C R 4.0,3.00,3.00,0.30,3.00,6
UCF,UNION DE CADENA FINA,2.00,2.00,2.00,2.00,6
UCSYB1.9,UNION DE CADENA S Y B 1.9,0.15,0.15,0.15,0.15,6
UCSYB2.4,UNION DE CADENA S Y B 2.4,0.20,0.20,0.20,0.20,6
UCSYB3.2,UNION DE CADENA S Y B 3.2,0.23,0.23,0.23,0.23,6
UCSYB2.4F,UNION DE CADENA SYB 2.4 FG,1.50,1.50,1.80,1.50,6
UCSYB3.2F,UNION DE CADENA SYB 3.2 FG,1.65,1.65,1.98,1.65,6
UCSYB1.9F,UNION DE CADENA SYB1.9 FG,1.00,1.00,1.20,1.00,6
VBC,VESTIDO- BLUSAS- CAMISETAS,25.00,25.00,25.00,25.00,6
VINCHAS,VINCHAS JIN TAI,6.00,6.00,6.30,6.00,6
